variant,run,seed,library,python,requests,correct,wrong_owner,misses,owner_mismatches_caught,timed_out,errors,connections_opened,p50_ms,p99_ms,seconds,error_types,undecodable_replies
toy-buggy,1,1,toy pool,3.12.4,10000,182,9786,0,0,32,0,10,0.07,11.51,19.28,{},{}
toy-fixed,1,1,toy pool,3.12.4,10000,9328,0,0,0,672,0,665,11.99,20.12,19.8,{},{}
toy-buggy+owner-check,1,1,toy pool,3.12.4,10000,197,0,9773,9773,30,0,10,0.18,11.71,19.27,{},{}
redis-py-4.5.1,1,1,redis-py 4.5.1,3.12.4,10000,7168,2165,0,0,629,38,606,11.78,26.58,19.75,"{""JSONDecodeError"": 38}","{""OK"": 38}"
redis-py-4.5.1+owner-check,1,1,redis-py 4.5.1,3.12.4,10000,7125,0,2227,2227,648,0,620,11.83,27.3,19.82,{},{}
redis-py,1,1,redis-py 8.1.0,3.12.4,10000,7778,0,0,0,2222,0,1548,20.98,78.01,20.27,{},{}
redis-py+owner-check,1,1,redis-py 8.1.0,3.12.4,10000,7770,0,0,0,2230,0,1578,21.05,77.18,20.42,{},{}
redis-py-no-timeouts,1,1,redis-py 8.1.0,3.12.4,10000,10000,0,0,0,0,0,10,12.0,22.53,18.55,{},{}
toy-fixed-no-timeouts,1,1,toy pool,3.12.4,10000,10000,0,0,0,0,0,10,11.84,19.55,18.53,{},{}
toy-fixed-no-timeouts,2,2,toy pool,3.12.4,10000,10000,0,0,0,0,0,10,11.82,20.87,18.45,{},{}
redis-py-no-timeouts,2,2,redis-py 8.1.0,3.12.4,10000,10000,0,0,0,0,0,10,12.03,22.3,18.49,{},{}
redis-py+owner-check,2,2,redis-py 8.1.0,3.12.4,10000,7992,0,0,0,2008,0,1465,19.96,74.56,18.74,{},{}
redis-py,2,2,redis-py 8.1.0,3.12.4,10000,8029,0,0,0,1971,0,1455,19.47,73.87,19.1,{},{}
redis-py-4.5.1+owner-check,2,2,redis-py 4.5.1,3.12.4,10000,7383,0,2039,2039,578,0,549,11.79,27.03,18.2,{},{}
redis-py-4.5.1,2,2,redis-py 4.5.1,3.12.4,10000,7311,2082,0,0,578,29,555,11.78,26.97,18.12,"{""JSONDecodeError"": 29}","{""OK"": 29}"
toy-buggy+owner-check,2,2,toy pool,3.12.4,10000,123,0,9845,9845,32,0,10,0.13,11.39,17.62,{},{}
toy-fixed,2,2,toy pool,3.12.4,10000,9367,0,0,0,633,0,628,12.09,19.9,18.18,{},{}
toy-buggy,2,2,toy pool,3.12.4,10000,139,9832,0,0,29,0,10,0.13,11.37,17.64,{},{}
toy-buggy,3,3,toy pool,3.12.4,10000,151,9822,0,0,27,0,10,0.11,11.31,18.81,{},{}
toy-fixed,3,3,toy pool,3.12.4,10000,9421,0,0,0,579,0,577,12.04,21.19,19.32,{},{}
toy-buggy+owner-check,3,3,toy pool,3.12.4,10000,177,0,9794,9794,29,0,10,0.18,11.77,18.84,{},{}
redis-py-4.5.1,3,3,redis-py 4.5.1,3.12.4,10000,7545,1869,0,0,565,21,547,11.76,26.32,19.32,"{""JSONDecodeError"": 21}","{""OK"": 21}"
redis-py-4.5.1+owner-check,3,3,redis-py 4.5.1,3.12.4,10000,7441,0,1990,1990,569,0,542,11.82,26.74,19.26,{},{}
redis-py,3,3,redis-py 8.1.0,3.12.4,10000,7950,0,0,0,2050,0,1512,19.67,75.98,19.86,{},{}
redis-py+owner-check,3,3,redis-py 8.1.0,3.12.4,10000,8182,0,0,0,1818,0,1324,18.68,73.96,19.73,{},{}
redis-py-no-timeouts,3,3,redis-py 8.1.0,3.12.4,10000,10000,0,0,0,0,0,10,12.01,23.06,19.23,{},{}
toy-fixed-no-timeouts,3,3,toy pool,3.12.4,10000,10000,0,0,0,0,0,10,11.82,21.23,19.23,{},{}
toy-fixed-no-timeouts,4,4,toy pool,3.12.4,10000,10000,0,0,0,0,0,10,11.85,21.25,18.87,{},{}
redis-py-no-timeouts,4,4,redis-py 8.1.0,3.12.4,10000,10000,0,0,0,0,0,10,12.0,22.32,18.87,{},{}
redis-py+owner-check,4,4,redis-py 8.1.0,3.12.4,10000,8347,0,0,0,1653,0,1266,17.25,70.56,18.69,{},{}
redis-py,4,4,redis-py 8.1.0,3.12.4,10000,8089,0,0,0,1911,0,1408,17.97,74.64,18.71,{},{}
redis-py-4.5.1+owner-check,4,4,redis-py 4.5.1,3.12.4,10000,7155,0,2240,2240,605,0,578,11.76,26.9,18.07,{},{}
redis-py-4.5.1,4,4,redis-py 4.5.1,3.12.4,10000,7263,2142,0,0,569,26,545,11.79,26.75,18.06,"{""JSONDecodeError"": 26}","{""OK"": 26}"
toy-buggy+owner-check,4,4,toy pool,3.12.4,10000,83,0,9889,9889,28,0,8,0.11,10.89,17.57,{},{}
toy-fixed,4,4,toy pool,3.12.4,10000,9349,0,0,0,651,0,642,12.07,21.13,18.1,{},{}
toy-buggy,4,4,toy pool,3.12.4,10000,114,9860,0,0,26,0,8,0.07,11.18,17.57,{},{}
toy-buggy,5,5,toy pool,3.12.4,10000,81,9893,0,0,26,0,9,0.07,10.83,18.13,{},{}
toy-fixed,5,5,toy pool,3.12.4,10000,9300,0,0,0,700,0,700,11.99,20.63,18.67,{},{}
toy-buggy+owner-check,5,5,toy pool,3.12.4,10000,117,0,9849,9849,34,0,10,0.12,11.13,18.11,{},{}
redis-py-4.5.1,5,5,redis-py 4.5.1,3.12.4,10000,7138,2197,0,0,626,39,597,11.71,26.54,18.64,"{""JSONDecodeError"": 39}","{""OK"": 39}"
redis-py-4.5.1+owner-check,5,5,redis-py 4.5.1,3.12.4,10000,7198,0,2165,2165,637,0,616,11.74,26.56,18.59,{},{}
redis-py,5,5,redis-py 8.1.0,3.12.4,10000,7971,0,0,0,2029,0,1474,19.03,76.44,19.21,{},{}
redis-py+owner-check,5,5,redis-py 8.1.0,3.12.4,10000,7782,0,0,0,2218,0,1559,20.8,77.44,19.38,{},{}
redis-py-no-timeouts,5,5,redis-py 8.1.0,3.12.4,10000,10000,0,0,0,0,0,10,12.03,20.5,18.56,{},{}
toy-fixed-no-timeouts,5,5,toy pool,3.12.4,10000,10000,0,0,0,0,0,10,11.79,19.62,18.52,{},{}
toy-fixed-no-timeouts,6,6,toy pool,3.12.4,10000,10000,0,0,0,0,0,10,12.0,23.07,19.8,{},{}
redis-py-no-timeouts,6,6,redis-py 8.1.0,3.12.4,10000,10000,0,0,0,0,0,10,12.19,24.42,19.8,{},{}
redis-py+owner-check,6,6,redis-py 8.1.0,3.12.4,10000,7882,0,0,0,2118,0,1520,19.54,74.83,19.3,{},{}
redis-py,6,6,redis-py 8.1.0,3.12.4,10000,7875,0,0,0,2125,0,1521,21.11,74.92,19.31,{},{}
redis-py-4.5.1+owner-check,6,6,redis-py 4.5.1,3.12.4,10000,6872,0,2469,2469,659,0,628,11.89,27.41,18.83,{},{}
redis-py-4.5.1,6,6,redis-py 4.5.1,3.12.4,10000,6990,2351,0,0,622,37,597,11.84,27.33,18.84,"{""JSONDecodeError"": 37}","{""OK"": 37}"
toy-buggy+owner-check,6,6,toy pool,3.12.4,10000,116,0,9853,9853,31,0,9,0.1,11.71,18.31,{},{}
toy-fixed,6,6,toy pool,3.12.4,10000,9264,0,0,0,736,0,726,12.41,22.36,18.85,{},{}
toy-buggy,6,6,toy pool,3.12.4,10000,122,9844,0,0,34,0,10,0.06,11.86,18.35,{},{}
redis-py-lean-handshake,1,1,redis-py 8.1.0,3.12.4,10000,9162,0,0,0,838,0,819,12.33,29.73,19.86,{},{}
redis-py-lean-handshake,2,2,redis-py 8.1.0,3.12.4,10000,9223,0,0,0,777,0,768,12.39,30.03,18.27,{},{}
redis-py-lean-handshake,3,3,redis-py 8.1.0,3.12.4,10000,9263,0,0,0,737,0,725,12.32,29.8,19.36,{},{}
redis-py-lean-handshake,4,4,redis-py 8.1.0,3.12.4,10000,9177,0,0,0,823,0,804,12.38,30.93,18.16,{},{}
redis-py-lean-handshake,5,5,redis-py 8.1.0,3.12.4,10000,9130,0,0,0,870,0,847,12.42,31.56,18.75,{},{}
redis-py-lean-handshake,6,6,redis-py 8.1.0,3.12.4,10000,9097,0,0,0,903,0,869,12.47,31.67,18.91,{},{}
toy-buggy,7,7,toy pool,3.12.4,10000,149,9819,0,0,32,0,10,0.07,11.41,18.29,{},{}
toy-fixed,7,7,toy pool,3.12.4,10000,9349,0,0,0,651,0,653,12.05,19.06,18.83,{},{}
toy-buggy+owner-check,7,7,toy pool,3.12.4,10000,109,0,9860,9860,31,0,9,0.12,11.17,18.26,{},{}
redis-py-4.5.1,7,7,redis-py 4.5.1,3.12.4,10000,7266,2096,0,0,606,32,576,11.77,26.77,18.83,"{""JSONDecodeError"": 32}","{""OK"": 32}"
redis-py-4.5.1+owner-check,7,7,redis-py 4.5.1,3.12.4,10000,7137,0,2251,2251,612,0,585,11.73,27.07,18.85,{},{}
redis-py,7,7,redis-py 8.1.0,3.12.4,10000,8161,0,0,0,1839,0,1342,17.54,73.44,19.28,{},{}
redis-py+owner-check,7,7,redis-py 8.1.0,3.12.4,10000,8155,0,0,0,1845,0,1375,17.88,71.82,19.29,{},{}
redis-py-lean-handshake,7,7,redis-py 8.1.0,3.12.4,10000,9142,0,0,0,858,0,831,12.43,31.95,18.89,{},{}
redis-py-no-timeouts,7,7,redis-py 8.1.0,3.12.4,10000,10000,0,0,0,0,0,10,12.01,21.23,18.89,{},{}
toy-fixed-no-timeouts,7,7,toy pool,3.12.4,10000,10000,0,0,0,0,0,10,11.95,23.06,18.88,{},{}
toy-fixed-no-timeouts,8,8,toy pool,3.12.4,10000,10000,0,0,0,0,0,10,11.86,20.41,18.93,{},{}
redis-py-no-timeouts,8,8,redis-py 8.1.0,3.12.4,10000,10000,0,0,0,0,0,10,12.06,24.4,18.93,{},{}
redis-py-lean-handshake,8,8,redis-py 8.1.0,3.12.4,10000,9167,0,0,0,833,0,819,12.49,31.03,19.72,{},{}
redis-py+owner-check,8,8,redis-py 8.1.0,3.12.4,10000,8386,0,0,0,1614,0,1269,15.88,68.68,20.0,{},{}
redis-py,8,8,redis-py 8.1.0,3.12.4,10000,8121,0,0,0,1879,0,1398,17.73,72.94,20.02,{},{}
redis-py-4.5.1+owner-check,8,8,redis-py 4.5.1,3.12.4,10000,7427,0,2001,2001,572,0,547,11.82,27.1,19.6,{},{}
redis-py-4.5.1,8,8,redis-py 4.5.1,3.12.4,10000,7335,2061,0,0,577,27,560,11.79,26.86,19.54,"{""JSONDecodeError"": 27}","{""OK"": 27}"
toy-buggy+owner-check,8,8,toy pool,3.12.4,10000,145,0,9831,9831,24,0,10,0.28,11.4,19.11,{},{}
toy-fixed,8,8,toy pool,3.12.4,10000,9368,0,0,0,632,0,633,11.95,19.69,19.58,{},{}
toy-buggy,8,8,toy pool,3.12.4,10000,167,9801,0,0,32,0,10,0.07,11.59,19.07,{},{}
toy-buggy,9,9,toy pool,3.12.4,10000,174,9794,0,0,32,0,10,0.08,11.8,18.12,{},{}
toy-fixed,9,9,toy pool,3.12.4,10000,9354,0,0,0,646,0,642,12.22,20.24,18.6,{},{}
toy-buggy+owner-check,9,9,toy pool,3.12.4,10000,174,0,9795,9795,31,0,9,0.13,12.07,18.1,{},{}
redis-py-4.5.1,9,9,redis-py 4.5.1,3.12.4,10000,7404,1988,0,0,579,29,558,11.93,27.18,18.63,"{""JSONDecodeError"": 29}","{""OK"": 29}"
redis-py-4.5.1+owner-check,9,9,redis-py 4.5.1,3.12.4,10000,7306,0,2106,2106,588,0,555,11.88,26.86,18.57,{},{}
redis-py,9,9,redis-py 8.1.0,3.12.4,10000,8202,0,0,0,1798,0,1348,17.54,73.04,19.2,{},{}
redis-py+owner-check,9,9,redis-py 8.1.0,3.12.4,10000,7864,0,0,0,2136,0,1507,20.09,78.19,19.33,{},{}
redis-py-lean-handshake,9,9,redis-py 8.1.0,3.12.4,10000,9195,0,0,0,805,0,779,12.71,32.51,18.72,{},{}
redis-py-no-timeouts,9,9,redis-py 8.1.0,3.12.4,10000,10000,0,0,0,0,0,10,12.33,22.5,19.09,{},{}
toy-fixed-no-timeouts,9,9,toy pool,3.12.4,10000,10000,0,0,0,0,0,10,12.3,22.63,19.09,{},{}
toy-fixed-no-timeouts,10,10,toy pool,3.12.4,10000,10000,0,0,0,0,0,10,12.22,20.71,19.92,{},{}
redis-py-no-timeouts,10,10,redis-py 8.1.0,3.12.4,10000,10000,0,0,0,0,0,10,12.31,22.63,19.94,{},{}
redis-py-lean-handshake,10,10,redis-py 8.1.0,3.12.4,10000,9178,0,0,0,822,0,809,12.75,30.6,19.26,{},{}
redis-py+owner-check,10,10,redis-py 8.1.0,3.12.4,10000,8154,0,0,0,1846,0,1401,19.19,70.92,19.53,{},{}
redis-py,10,10,redis-py 8.1.0,3.12.4,10000,8103,0,0,0,1897,0,1387,19.82,72.1,19.53,{},{}
redis-py-4.5.1+owner-check,10,10,redis-py 4.5.1,3.12.4,10000,7245,0,2163,2163,592,0,568,11.94,27.25,19.15,{},{}
redis-py-4.5.1,10,10,redis-py 4.5.1,3.12.4,10000,7233,2145,0,0,587,35,558,11.88,27.09,19.2,"{""JSONDecodeError"": 35}","{""OK"": 35}"
toy-buggy+owner-check,10,10,toy pool,3.12.4,10000,178,0,9792,9792,30,0,10,0.13,12.0,18.65,{},{}
toy-fixed,10,10,toy pool,3.12.4,10000,9347,0,0,0,653,0,648,12.34,20.31,19.18,{},{}
toy-buggy,10,10,toy pool,3.12.4,10000,84,9887,0,0,29,0,10,0.08,11.82,18.67,{},{}
toy-buggy,11,11,toy pool,3.12.4,10000,165,9801,0,0,34,0,10,0.09,12.15,18.95,{},{}
toy-fixed,11,11,toy pool,3.12.4,10000,9332,0,0,0,668,0,662,12.33,20.56,19.52,{},{}
toy-buggy+owner-check,11,11,toy pool,3.12.4,10000,166,0,9803,9803,31,0,10,0.11,11.97,18.93,{},{}
redis-py-4.5.1,11,11,redis-py 4.5.1,3.12.4,10000,7304,2068,0,0,603,25,575,11.9,26.93,19.47,"{""JSONDecodeError"": 25}","{""OK"": 25}"
redis-py-4.5.1+owner-check,11,11,redis-py 4.5.1,3.12.4,10000,7193,0,2206,2206,601,0,570,11.93,26.86,19.49,{},{}
redis-py,11,11,redis-py 8.1.0,3.12.4,10000,8139,0,0,0,1861,0,1370,18.73,73.59,19.99,{},{}
redis-py+owner-check,11,11,redis-py 8.1.0,3.12.4,10000,8084,0,0,0,1916,0,1422,18.99,74.04,19.89,{},{}
redis-py-lean-handshake,11,11,redis-py 8.1.0,3.12.4,10000,9160,0,0,0,840,0,814,12.71,30.71,19.55,{},{}
redis-py-no-timeouts,11,11,redis-py 8.1.0,3.12.4,10000,10000,0,0,0,0,0,10,12.24,22.59,18.7,{},{}
toy-fixed-no-timeouts,11,11,toy pool,3.12.4,10000,10000,0,0,0,0,0,10,12.31,22.4,18.74,{},{}
toy-fixed-no-timeouts,12,12,toy pool,3.12.4,10000,10000,0,0,0,0,0,10,12.26,24.8,18.83,{},{}
redis-py-no-timeouts,12,12,redis-py 8.1.0,3.12.4,10000,10000,0,0,0,0,0,10,12.38,25.42,18.84,{},{}
redis-py-lean-handshake,12,12,redis-py 8.1.0,3.12.4,10000,9185,0,0,0,815,0,788,12.62,30.58,18.64,{},{}
redis-py+owner-check,12,12,redis-py 8.1.0,3.12.4,10000,8022,0,0,0,1978,0,1435,19.79,73.88,18.94,{},{}
redis-py,12,12,redis-py 8.1.0,3.12.4,10000,8206,0,0,0,1794,0,1336,16.81,73.23,19.04,{},{}
redis-py-4.5.1+owner-check,12,12,redis-py 4.5.1,3.12.4,10000,7087,0,2290,2290,623,0,592,12.0,27.92,18.55,{},{}
redis-py-4.5.1,12,12,redis-py 4.5.1,3.12.4,10000,7159,2195,0,0,611,35,581,11.91,27.26,18.51,"{""JSONDecodeError"": 35}","{""OK"": 35}"
toy-buggy+owner-check,12,12,toy pool,3.12.4,10000,157,0,9813,9813,30,0,10,0.13,11.88,18.0,{},{}
toy-fixed,12,12,toy pool,3.12.4,10000,9324,0,0,0,676,0,668,12.43,21.67,18.57,{},{}
toy-buggy,12,12,toy pool,3.12.4,10000,186,9781,0,0,33,0,10,0.07,12.05,18.02,{},{}
toy-buggy,13,13,toy pool,3.12.4,10000,217,9749,0,0,34,0,10,0.05,12.2,18.42,{},{}
toy-fixed,13,13,toy pool,3.12.4,10000,9276,0,0,0,724,0,716,12.41,21.04,19.01,{},{}
toy-buggy+owner-check,13,13,toy pool,3.12.4,10000,148,0,9822,9822,30,0,10,0.12,12.0,18.42,{},{}
redis-py-4.5.1,13,13,redis-py 4.5.1,3.12.4,10000,7134,2175,0,0,661,30,631,11.84,26.64,18.97,"{""JSONDecodeError"": 30}","{""OK"": 30}"
redis-py-4.5.1+owner-check,13,13,redis-py 4.5.1,3.12.4,10000,7124,0,2243,2243,633,0,599,11.92,26.93,18.93,{},{}
redis-py,13,13,redis-py 8.1.0,3.12.4,10000,7804,0,0,0,2196,0,1553,20.13,80.24,19.6,{},{}
redis-py+owner-check,13,13,redis-py 8.1.0,3.12.4,10000,7724,0,0,0,2276,0,1582,22.3,79.86,19.61,{},{}
redis-py-lean-handshake,13,13,redis-py 8.1.0,3.12.4,10000,9097,0,0,0,903,0,869,12.67,32.87,19.05,{},{}
redis-py-no-timeouts,13,13,redis-py 8.1.0,3.12.4,10000,10000,0,0,0,0,0,10,12.11,20.81,19.55,{},{}
toy-fixed-no-timeouts,13,13,toy pool,3.12.4,10000,10000,0,0,0,0,0,10,11.94,20.23,19.53,{},{}
toy-fixed-no-timeouts,14,14,toy pool,3.12.4,10000,10000,0,0,0,0,0,10,11.95,20.36,18.99,{},{}
redis-py-no-timeouts,14,14,redis-py 8.1.0,3.12.4,10000,10000,0,0,0,0,0,10,12.22,24.96,18.99,{},{}
redis-py-lean-handshake,14,14,redis-py 8.1.0,3.12.4,10000,9196,0,0,0,804,0,781,12.49,31.87,19.17,{},{}
redis-py+owner-check,14,14,redis-py 8.1.0,3.12.4,10000,7851,0,0,0,2149,0,1557,19.62,79.6,19.54,{},{}
redis-py,14,14,redis-py 8.1.0,3.12.4,10000,8074,0,0,0,1926,0,1409,18.04,74.4,19.52,{},{}
redis-py-4.5.1+owner-check,14,14,redis-py 4.5.1,3.12.4,10000,7277,0,2144,2144,579,0,565,11.86,27.18,19.02,{},{}
redis-py-4.5.1,14,14,redis-py 4.5.1,3.12.4,10000,7403,1972,0,0,593,32,576,11.82,26.52,19.01,"{""JSONDecodeError"": 32}","{""OK"": 32}"
toy-buggy+owner-check,14,14,toy pool,3.12.4,10000,110,0,9862,9862,28,0,10,0.16,11.5,18.52,{},{}
toy-fixed,14,14,toy pool,3.12.4,10000,9352,0,0,0,648,0,639,12.19,21.79,19.07,{},{}
toy-buggy,14,14,toy pool,3.12.4,10000,103,9868,0,0,29,0,10,0.08,11.41,18.49,{},{}
toy-buggy,15,15,toy pool,3.12.4,10000,138,9833,0,0,29,0,10,0.06,12.01,19.27,{},{}
toy-fixed,15,15,toy pool,3.12.4,10000,9407,0,0,0,593,0,587,12.28,20.42,19.8,{},{}
toy-buggy+owner-check,15,15,toy pool,3.12.4,10000,187,0,9782,9782,31,0,10,0.11,12.15,19.25,{},{}
redis-py-4.5.1,15,15,redis-py 4.5.1,3.12.4,10000,7231,2214,0,0,533,22,519,11.83,26.68,19.75,"{""JSONDecodeError"": 22}","{""OK"": 22}"
redis-py-4.5.1+owner-check,15,15,redis-py 4.5.1,3.12.4,10000,7273,0,2147,2147,580,0,547,11.87,26.77,19.82,{},{}
redis-py,15,15,redis-py 8.1.0,3.12.4,10000,8105,0,0,0,1895,0,1388,18.92,76.3,20.39,{},{}
redis-py+owner-check,15,15,redis-py 8.1.0,3.12.4,10000,8167,0,0,0,1833,0,1342,18.49,73.46,20.28,{},{}
redis-py-lean-handshake,15,15,redis-py 8.1.0,3.12.4,10000,9262,0,0,0,738,0,726,12.66,29.95,19.89,{},{}
redis-py-no-timeouts,15,15,redis-py 8.1.0,3.12.4,10000,10000,0,0,0,0,0,10,12.23,22.4,19.11,{},{}
toy-fixed-no-timeouts,15,15,toy pool,3.12.4,10000,10000,0,0,0,0,0,10,12.21,23.45,19.15,{},{}
toy-fixed-no-timeouts,16,16,toy pool,3.12.4,10000,10000,0,0,0,0,0,10,12.2,21.99,19.7,{},{}
redis-py-no-timeouts,16,16,redis-py 8.1.0,3.12.4,10000,10000,0,0,0,0,0,10,12.24,25.95,19.67,{},{}
redis-py-lean-handshake,16,16,redis-py 8.1.0,3.12.4,10000,9193,0,0,0,807,0,786,12.35,29.76,19.42,{},{}
redis-py+owner-check,16,16,redis-py 8.1.0,3.12.4,10000,7948,0,0,0,2052,0,1521,19.2,73.71,20.25,{},{}
redis-py,16,16,redis-py 8.1.0,3.12.4,10000,7970,0,0,0,2030,0,1488,19.1,75.27,19.87,{},{}
redis-py-4.5.1+owner-check,16,16,redis-py 4.5.1,3.12.4,10000,7272,0,2132,2132,596,0,573,11.9,27.3,19.36,{},{}
redis-py-4.5.1,16,16,redis-py 4.5.1,3.12.4,10000,7414,1947,0,0,602,37,587,11.88,27.02,19.34,"{""JSONDecodeError"": 37}","{""OK"": 37}"
toy-buggy+owner-check,16,16,toy pool,3.12.4,10000,199,0,9769,9769,32,0,10,0.1,11.61,18.82,{},{}
toy-fixed,16,16,toy pool,3.12.4,10000,9332,0,0,0,668,0,663,12.34,21.44,19.38,{},{}
toy-buggy,16,16,toy pool,3.12.4,10000,152,9816,0,0,32,0,10,0.07,12.21,18.82,{},{}
toy-buggy,17,17,toy pool,3.12.4,10000,220,9747,0,0,33,0,10,0.05,12.28,18.83,{},{}
toy-fixed,17,17,toy pool,3.12.4,10000,9332,0,0,0,668,0,658,12.27,21.31,19.34,{},{}
toy-buggy+owner-check,17,17,toy pool,3.12.4,10000,147,0,9818,9818,35,0,10,0.09,11.93,18.83,{},{}
redis-py-4.5.1,17,17,redis-py 4.5.1,3.12.4,10000,7216,2163,0,0,591,30,561,11.8,26.51,19.37,"{""JSONDecodeError"": 30}","{""OK"": 30}"
redis-py-4.5.1+owner-check,17,17,redis-py 4.5.1,3.12.4,10000,7153,0,2256,2256,591,0,567,11.8,26.84,19.35,{},{}
redis-py,17,17,redis-py 8.1.0,3.12.4,10000,8083,0,0,0,1917,0,1421,17.33,74.23,20.0,{},{}
redis-py+owner-check,17,17,redis-py 8.1.0,3.12.4,10000,8167,0,0,0,1833,0,1376,17.05,73.9,19.79,{},{}
redis-py-lean-handshake,17,17,redis-py 8.1.0,3.12.4,10000,9188,0,0,0,812,0,786,12.48,30.48,19.49,{},{}
redis-py-no-timeouts,17,17,redis-py 8.1.0,3.12.4,10000,10000,0,0,0,0,0,10,12.19,26.09,19.0,{},{}
toy-fixed-no-timeouts,17,17,toy pool,3.12.4,10000,10000,0,0,0,0,0,10,12.21,25.22,18.97,{},{}
toy-fixed-no-timeouts,18,18,toy pool,3.12.4,10000,10000,0,0,0,0,0,10,12.21,22.13,18.64,{},{}
redis-py-no-timeouts,18,18,redis-py 8.1.0,3.12.4,10000,10000,0,0,0,0,0,10,12.25,28.03,18.65,{},{}
redis-py-lean-handshake,18,18,redis-py 8.1.0,3.12.4,10000,9089,0,0,0,911,0,881,12.58,31.5,19.13,{},{}
redis-py+owner-check,18,18,redis-py 8.1.0,3.12.4,10000,8185,0,0,0,1815,0,1358,17.5,71.41,19.4,{},{}
redis-py,18,18,redis-py 8.1.0,3.12.4,10000,8237,0,0,0,1763,0,1331,18.26,70.17,19.47,{},{}
redis-py-4.5.1+owner-check,18,18,redis-py 4.5.1,3.12.4,10000,7127,0,2250,2250,623,0,585,11.82,26.92,18.96,{},{}
redis-py-4.5.1,18,18,redis-py 4.5.1,3.12.4,10000,6826,2524,0,0,618,32,592,11.74,27.14,18.92,"{""JSONDecodeError"": 32}","{""OK"": 32}"
toy-buggy+owner-check,18,18,toy pool,3.12.4,10000,154,0,9814,9814,32,0,10,0.11,12.08,18.41,{},{}
toy-fixed,18,18,toy pool,3.12.4,10000,9300,0,0,0,700,0,699,12.27,20.3,18.95,{},{}
toy-buggy,18,18,toy pool,3.12.4,10000,223,9741,0,0,36,0,10,0.05,12.21,18.39,{},{}
toy-buggy,19,19,toy pool,3.12.4,10000,130,9835,0,0,35,0,10,0.06,12.09,19.1,{},{}
toy-fixed,19,19,toy pool,3.12.4,10000,9311,0,0,0,689,0,686,12.25,21.27,19.63,{},{}
toy-buggy+owner-check,19,19,toy pool,3.12.4,10000,162,0,9805,9805,33,0,10,0.12,12.27,19.07,{},{}
redis-py-4.5.1,19,19,redis-py 4.5.1,3.12.4,10000,7243,2130,0,0,604,23,583,11.82,26.79,19.58,"{""JSONDecodeError"": 23}","{""OK"": 23}"
redis-py-4.5.1+owner-check,19,19,redis-py 4.5.1,3.12.4,10000,7138,0,2257,2257,605,0,589,11.81,26.52,19.62,{},{}
redis-py,19,19,redis-py 8.1.0,3.12.4,10000,7948,0,0,0,2052,0,1489,19.91,76.85,20.26,{},{}
redis-py+owner-check,19,19,redis-py 8.1.0,3.12.4,10000,7950,0,0,0,2050,0,1481,19.54,75.01,20.03,{},{}
redis-py-lean-handshake,19,19,redis-py 8.1.0,3.12.4,10000,9188,0,0,0,812,0,794,12.58,30.02,19.67,{},{}
redis-py-no-timeouts,19,19,redis-py 8.1.0,3.12.4,10000,10000,0,0,0,0,0,10,12.23,24.15,18.72,{},{}
toy-fixed-no-timeouts,19,19,toy pool,3.12.4,10000,10000,0,0,0,0,0,10,12.19,22.3,18.74,{},{}
toy-fixed-no-timeouts,20,20,toy pool,3.12.4,10000,10000,0,0,0,0,0,10,12.28,22.87,19.12,{},{}
redis-py-no-timeouts,20,20,redis-py 8.1.0,3.12.4,10000,10000,0,0,0,0,0,10,12.28,27.6,19.13,{},{}
redis-py-lean-handshake,20,20,redis-py 8.1.0,3.12.4,10000,9181,0,0,0,819,0,784,12.64,32.14,18.85,{},{}
redis-py+owner-check,20,20,redis-py 8.1.0,3.12.4,10000,7720,0,0,0,2280,0,1569,20.26,79.01,19.32,{},{}
redis-py,20,20,redis-py 8.1.0,3.12.4,10000,7643,0,0,0,2357,0,1606,23.29,78.92,19.36,{},{}
redis-py-4.5.1+owner-check,20,20,redis-py 4.5.1,3.12.4,10000,7198,0,2206,2206,596,0,572,11.87,27.15,18.64,{},{}
redis-py-4.5.1,20,20,redis-py 4.5.1,3.12.4,10000,7187,2200,0,0,588,25,558,11.96,27.5,18.71,"{""JSONDecodeError"": 25}","{""OK"": 25}"
toy-buggy+owner-check,20,20,toy pool,3.12.4,10000,159,0,9811,9811,30,0,10,0.11,12.23,18.22,{},{}
toy-fixed,20,20,toy pool,3.12.4,10000,9318,0,0,0,682,0,676,12.48,21.12,18.73,{},{}
toy-buggy,20,20,toy pool,3.12.4,10000,137,9830,0,0,33,0,10,0.12,12.01,18.23,{},{}
