redis_py,pause_ms,run,bar,ping,foo,connections_opened
4.5.1,0,1,b'foo',False,b'PONG',1
4.5.1,0,2,b'foo',False,b'PONG',1
4.5.1,0,3,b'foo',False,b'PONG',1
4.5.1,0,4,b'foo',False,b'PONG',1
4.5.1,0,5,b'foo',False,b'PONG',1
4.5.1,0,6,b'foo',False,b'PONG',1
4.5.1,0,7,b'foo',False,b'PONG',1
4.5.1,0,8,b'foo',False,b'PONG',1
4.5.1,0,9,b'foo',False,b'PONG',1
4.5.1,0,10,b'foo',False,b'PONG',1
4.5.1,0,11,b'foo',False,b'PONG',1
4.5.1,0,12,b'foo',False,b'PONG',1
4.5.1,0,13,b'foo',False,b'PONG',1
4.5.1,0,14,b'foo',False,b'PONG',1
4.5.1,0,15,b'foo',False,b'PONG',1
4.5.1,0,16,b'foo',False,b'PONG',1
4.5.1,0,17,b'foo',False,b'PONG',1
4.5.1,0,18,b'foo',False,b'PONG',1
4.5.1,0,19,b'foo',False,b'PONG',1
4.5.1,0,20,b'foo',False,b'PONG',1
4.5.1,300,1,b'bar',True,b'foo',2
4.5.1,300,2,b'bar',True,b'foo',2
4.5.1,300,3,b'bar',True,b'foo',2
4.5.1,300,4,b'bar',True,b'foo',2
4.5.1,300,5,b'bar',True,b'foo',2
4.5.1,300,6,b'bar',True,b'foo',2
4.5.1,300,7,b'bar',True,b'foo',2
4.5.1,300,8,b'bar',True,b'foo',2
4.5.1,300,9,b'bar',True,b'foo',2
4.5.1,300,10,b'bar',True,b'foo',2
4.5.1,300,11,b'bar',True,b'foo',2
4.5.1,300,12,b'bar',True,b'foo',2
4.5.1,300,13,b'bar',True,b'foo',2
4.5.1,300,14,b'bar',True,b'foo',2
4.5.1,300,15,b'bar',True,b'foo',2
4.5.1,300,16,b'bar',True,b'foo',2
4.5.1,300,17,b'bar',True,b'foo',2
4.5.1,300,18,b'bar',True,b'foo',2
4.5.1,300,19,b'bar',True,b'foo',2
4.5.1,300,20,b'bar',True,b'foo',2
8.1.0,0,1,b'bar',True,b'foo',2
8.1.0,0,2,b'bar',True,b'foo',2
8.1.0,0,3,b'bar',True,b'foo',2
8.1.0,0,4,b'bar',True,b'foo',2
8.1.0,0,5,b'bar',True,b'foo',2
8.1.0,0,6,b'bar',True,b'foo',2
8.1.0,0,7,b'bar',True,b'foo',2
8.1.0,0,8,b'bar',True,b'foo',2
8.1.0,0,9,b'bar',True,b'foo',2
8.1.0,0,10,b'bar',True,b'foo',2
8.1.0,0,11,b'bar',True,b'foo',2
8.1.0,0,12,b'bar',True,b'foo',2
8.1.0,0,13,b'bar',True,b'foo',2
8.1.0,0,14,b'bar',True,b'foo',2
8.1.0,0,15,b'bar',True,b'foo',2
8.1.0,0,16,b'bar',True,b'foo',2
8.1.0,0,17,b'bar',True,b'foo',2
8.1.0,0,18,b'bar',True,b'foo',2
8.1.0,0,19,b'bar',True,b'foo',2
8.1.0,0,20,b'bar',True,b'foo',2
8.1.0,300,1,b'bar',True,b'foo',2
8.1.0,300,2,b'bar',True,b'foo',2
8.1.0,300,3,b'bar',True,b'foo',2
8.1.0,300,4,b'bar',True,b'foo',2
8.1.0,300,5,b'bar',True,b'foo',2
8.1.0,300,6,b'bar',True,b'foo',2
8.1.0,300,7,b'bar',True,b'foo',2
8.1.0,300,8,b'bar',True,b'foo',2
8.1.0,300,9,b'bar',True,b'foo',2
8.1.0,300,10,b'bar',True,b'foo',2
8.1.0,300,11,b'bar',True,b'foo',2
8.1.0,300,12,b'bar',True,b'foo',2
8.1.0,300,13,b'bar',True,b'foo',2
8.1.0,300,14,b'bar',True,b'foo',2
8.1.0,300,15,b'bar',True,b'foo',2
8.1.0,300,16,b'bar',True,b'foo',2
8.1.0,300,17,b'bar',True,b'foo',2
8.1.0,300,18,b'bar',True,b'foo',2
8.1.0,300,19,b'bar',True,b'foo',2
8.1.0,300,20,b'bar',True,b'foo',2
