run,path,wave,p50_ms,max_ms
1,direct,1,1012.0,1016.6
1,direct,2,1024.7,1029.7
1,direct,3,1031.1,1036.3
1,direct,4,1017.2,1030.5
1,direct,5,1029.8,1034.1
1,direct,6,999.9,1006.0
1,all checks,1,1159.8,1188.3
1,all checks,2,1463.5,1572.2
1,all checks,3,1433.1,1569.9
1,all checks,4,1401.3,1502.7
1,all checks,5,1398.6,1501.7
1,all checks,6,1403.2,1518.3
2,direct,1,1016.2,1022.9
2,direct,2,1016.7,1026.1
2,direct,3,1022.6,1028.3
2,direct,4,1029.0,1034.8
2,direct,5,1015.4,1018.6
2,direct,6,1029.3,1034.8
2,all checks,1,1115.5,1166.6
2,all checks,2,1438.2,1566.4
2,all checks,3,1424.9,1555.5
2,all checks,4,1428.4,1534.4
2,all checks,5,1405.6,1534.9
2,all checks,6,1435.7,1575.2
3,direct,1,1027.6,1033.7
3,direct,2,1015.4,1019.3
3,direct,3,1023.8,1026.4
3,direct,4,1012.6,1028.3
3,direct,5,1013.0,1019.1
3,direct,6,1034.1,1038.3
3,all checks,1,1131.2,1139.4
3,all checks,2,1382.4,1511.6
3,all checks,3,1462.3,1591.8
3,all checks,4,1428.4,1545.1
3,all checks,5,1439.7,1545.7
3,all checks,6,1401.1,1535.0
4,direct,1,1029.6,1035.2
4,direct,2,1015.3,1020.3
4,direct,3,1031.4,1036.7
4,direct,4,1031.8,1037.2
4,direct,5,1011.0,1013.4
4,direct,6,1033.5,1040.6
4,all checks,1,1145.7,1234.7
4,all checks,2,1412.6,1532.4
4,all checks,3,1403.6,1536.4
4,all checks,4,1381.8,1505.8
4,all checks,5,1385.7,1524.6
4,all checks,6,1392.1,1518.3
5,direct,1,1016.0,1023.4
5,direct,2,1034.2,1039.2
5,direct,3,995.5,1001.4
5,direct,4,1040.5,1045.0
5,direct,5,1013.7,1019.1
5,direct,6,1033.6,1039.1
5,all checks,1,1113.1,1127.6
5,all checks,2,1414.8,1557.5
5,all checks,3,1428.3,1570.2
5,all checks,4,1390.2,1513.3
5,all checks,5,1398.9,1509.3
5,all checks,6,1393.1,1488.1
6,direct,1,1023.1,1029.5
6,direct,2,1045.3,1049.2
6,direct,3,1016.6,1022.0
6,direct,4,1014.5,1021.1
6,direct,5,1021.0,1026.8
6,direct,6,1029.7,1036.2
6,all checks,1,1130.1,1147.7
6,all checks,2,1367.1,1519.6
6,all checks,3,1409.8,1543.1
6,all checks,4,1377.5,1487.4
6,all checks,5,1383.6,1503.6
6,all checks,6,1367.5,1484.0
7,direct,1,1020.0,1032.9
7,direct,2,1031.4,1035.4
7,direct,3,1014.8,1019.7
7,direct,4,1034.2,1040.2
7,direct,5,1017.1,1030.8
7,direct,6,1016.1,1020.3
7,all checks,1,1135.5,1193.3
7,all checks,2,1473.6,1579.0
7,all checks,3,1397.0,1490.4
7,all checks,4,1434.5,1559.0
7,all checks,5,1413.1,1543.3
7,all checks,6,1386.8,1538.6
8,direct,1,1023.2,1030.0
8,direct,2,1034.9,1038.8
8,direct,3,1014.8,1020.0
8,direct,4,1008.7,1014.0
8,direct,5,1036.2,1040.7
8,direct,6,1017.1,1021.8
8,all checks,1,1125.9,1146.3
8,all checks,2,1387.6,1526.9
8,all checks,3,1380.6,1524.5
8,all checks,4,1511.6,1631.6
8,all checks,5,1403.9,1503.0
8,all checks,6,1474.0,1574.8
9,direct,1,1027.8,1033.8
9,direct,2,1031.9,1035.1
9,direct,3,1017.8,1030.1
9,direct,4,1012.3,1017.3
9,direct,5,1018.0,1021.9
9,direct,6,1013.4,1061.7
9,all checks,1,1114.3,1130.3
9,all checks,2,1406.5,1508.2
9,all checks,3,1361.7,1463.2
9,all checks,4,1386.0,1510.2
9,all checks,5,1401.3,1533.5
9,all checks,6,1366.2,1474.6
10,direct,1,1017.6,1030.0
10,direct,2,1013.3,1015.8
10,direct,3,1017.2,1024.7
10,direct,4,1023.7,1070.2
10,direct,5,1013.3,1017.7
10,direct,6,1028.6,1034.9
10,all checks,1,1109.7,1138.1
10,all checks,2,1372.0,1491.7
10,all checks,3,1359.7,1486.2
10,all checks,4,1368.6,1500.8
10,all checks,5,1361.8,1477.4
10,all checks,6,1377.2,1526.0
