run,variant,app_tries,sdk_max_retries,upstream_calls,seconds
1,stacked defaults,3,default (2),27,11.0
1,sdk retries off,3,0,9,2.35
1,gateway only,1,0,3,1.45
1,retry hint,3,default (2),9,2.65
2,stacked defaults,3,default (2),27,13.04
2,sdk retries off,3,0,9,3.46
2,gateway only,1,0,3,1.03
2,retry hint,3,default (2),9,2.76
3,stacked defaults,3,default (2),27,12.05
3,sdk retries off,3,0,9,1.46
3,gateway only,1,0,3,0.75
3,retry hint,3,default (2),9,3.16
4,stacked defaults,3,default (2),27,11.91
4,sdk retries off,3,0,9,2.26
4,gateway only,1,0,3,0.43
4,retry hint,3,default (2),9,2.24
5,stacked defaults,3,default (2),27,11.81
5,sdk retries off,3,0,9,2.36
5,gateway only,1,0,3,0.83
5,retry hint,3,default (2),9,1.78
6,stacked defaults,3,default (2),27,11.27
6,sdk retries off,3,0,9,2.65
6,gateway only,1,0,3,1.66
6,retry hint,3,default (2),9,3.57
7,stacked defaults,3,default (2),27,11.79
7,sdk retries off,3,0,9,2.49
7,gateway only,1,0,3,1.15
7,retry hint,3,default (2),9,3.6
8,stacked defaults,3,default (2),27,12.02
8,sdk retries off,3,0,9,3.35
8,gateway only,1,0,3,0.92
8,retry hint,3,default (2),9,2.14
9,stacked defaults,3,default (2),27,11.06
9,sdk retries off,3,0,9,2.62
9,gateway only,1,0,3,1.1
9,retry hint,3,default (2),9,3.54
10,stacked defaults,3,default (2),27,10.14
10,sdk retries off,3,0,9,3.89
10,gateway only,1,0,3,1.03
10,retry hint,3,default (2),9,2.37
11,stacked defaults,3,default (2),27,12.17
11,sdk retries off,3,0,9,3.2
11,gateway only,1,0,3,1.47
11,retry hint,3,default (2),9,2.98
12,stacked defaults,3,default (2),27,11.44
12,sdk retries off,3,0,9,2.47
12,gateway only,1,0,3,0.92
12,retry hint,3,default (2),9,2.91
13,stacked defaults,3,default (2),27,7.79
13,sdk retries off,3,0,9,3.24
13,gateway only,1,0,3,1.71
13,retry hint,3,default (2),9,2.51
14,stacked defaults,3,default (2),27,12.53
14,sdk retries off,3,0,9,2.44
14,gateway only,1,0,3,0.91
14,retry hint,3,default (2),9,3.1
15,stacked defaults,3,default (2),27,13.25
15,sdk retries off,3,0,9,2.27
15,gateway only,1,0,3,1.6
15,retry hint,3,default (2),9,3.01
16,stacked defaults,3,default (2),27,10.82
16,sdk retries off,3,0,9,2.9
16,gateway only,1,0,3,0.86
16,retry hint,3,default (2),9,2.0
17,stacked defaults,3,default (2),27,11.21
17,sdk retries off,3,0,9,2.16
17,gateway only,1,0,3,1.43
17,retry hint,3,default (2),9,3.44
18,stacked defaults,3,default (2),27,11.31
18,sdk retries off,3,0,9,1.62
18,gateway only,1,0,3,0.9
18,retry hint,3,default (2),9,1.93
19,stacked defaults,3,default (2),27,11.12
19,sdk retries off,3,0,9,1.79
19,gateway only,1,0,3,1.39
19,retry hint,3,default (2),9,2.08
20,stacked defaults,3,default (2),27,9.98
20,sdk retries off,3,0,9,3.03
20,gateway only,1,0,3,0.42
20,retry hint,3,default (2),9,3.06
