run,budget,served_200,refused_429,other,limit_micro_usd,spent_micro_usd,times_the_budget
1,"check, then spend",200,0,0,3210,64200,20.0
1,"reserve, then settle",10,190,0,3210,3210,1.0
2,"check, then spend",200,0,0,3210,64200,20.0
2,"reserve, then settle",10,190,0,3210,3210,1.0
3,"check, then spend",200,0,0,3210,64200,20.0
3,"reserve, then settle",10,190,0,3210,3210,1.0
4,"check, then spend",200,0,0,3210,64200,20.0
4,"reserve, then settle",10,190,0,3210,3210,1.0
5,"check, then spend",200,0,0,3210,64200,20.0
5,"reserve, then settle",10,190,0,3210,3210,1.0
6,"check, then spend",200,0,0,3210,64200,20.0
6,"reserve, then settle",10,190,0,3210,3210,1.0
7,"check, then spend",200,0,0,3210,64200,20.0
7,"reserve, then settle",10,190,0,3210,3210,1.0
8,"check, then spend",200,0,0,3210,64200,20.0
8,"reserve, then settle",10,190,0,3210,3210,1.0
9,"check, then spend",200,0,0,3210,64200,20.0
9,"reserve, then settle",10,190,0,3210,3210,1.0
10,"check, then spend",200,0,0,3210,64200,20.0
10,"reserve, then settle",10,190,0,3210,3210,1.0
11,"check, then spend",192,0,8,3210,61632,19.2
11,"reserve, then settle",10,190,0,3210,3210,1.0
12,"check, then spend",192,0,8,3210,61632,19.2
12,"reserve, then settle",10,190,0,3210,3210,1.0
13,"check, then spend",200,0,0,3210,64200,20.0
13,"reserve, then settle",10,190,0,3210,3210,1.0
14,"check, then spend",192,0,8,3210,61632,19.2
14,"reserve, then settle",10,190,0,3210,3210,1.0
15,"check, then spend",200,0,0,3210,64200,20.0
15,"reserve, then settle",10,190,0,3210,3210,1.0
16,"check, then spend",200,0,0,3210,64200,20.0
16,"reserve, then settle",10,190,0,3210,3210,1.0
17,"check, then spend",192,0,8,3210,61632,19.2
17,"reserve, then settle",10,190,0,3210,3210,1.0
18,"check, then spend",197,0,3,3210,63237,19.7
18,"reserve, then settle",10,190,0,3210,3210,1.0
19,"check, then spend",199,0,1,3210,63879,19.9
19,"reserve, then settle",10,190,0,3210,3210,1.0
20,"check, then spend",200,0,0,3210,64200,20.0
20,"reserve, then settle",10,190,0,3210,3210,1.0
