variant,round,last_ms,median_ms
do-update-where (the post's CLAIM),1,158.41,81.19
do-nothing,1,17.33,14.43
do-update-where (the post's CLAIM),2,136.52,60.01
do-nothing,2,16.41,13.48
do-update-where (the post's CLAIM),3,120.51,59.54
do-nothing,3,18.25,15.19
do-update-where (the post's CLAIM),4,119.07,61.82
do-nothing,4,16.62,13.38
do-update-where (the post's CLAIM),5,144.75,85.65
do-nothing,5,23.7,20.17
do-update-where (the post's CLAIM),6,158.12,81.17
do-nothing,6,16.93,13.84
do-update-where (the post's CLAIM),7,135.59,59.64
do-nothing,7,16.41,13.35
do-update-where (the post's CLAIM),8,120.53,61.49
do-nothing,8,16.86,13.85
do-update-where (the post's CLAIM),9,118.61,61.11
do-nothing,9,30.09,26.66
do-update-where (the post's CLAIM),10,137.58,78.39
do-nothing,10,16.54,13.43
do-update-where (the post's CLAIM),11,137.48,78.49
do-nothing,11,16.75,13.34
do-update-where (the post's CLAIM),12,138.96,61.15
do-nothing,12,16.23,13.24
do-update-where (the post's CLAIM),13,137.9,60.95
do-nothing,13,16.25,13.14
do-update-where (the post's CLAIM),14,138.41,79.93
do-nothing,14,16.38,13.17
do-update-where (the post's CLAIM),15,137.75,79.78
do-nothing,15,15.83,12.89
do-update-where (the post's CLAIM),16,135.86,78.61
do-nothing,16,16.27,13.51
do-update-where (the post's CLAIM),17,138.19,60.98
do-nothing,17,15.46,12.72
do-update-where (the post's CLAIM),18,136.85,60.64
do-nothing,18,15.98,12.95
do-update-where (the post's CLAIM),19,135.99,58.69
do-nothing,19,16.69,13.88
do-update-where (the post's CLAIM),20,138.07,79.97
do-nothing,20,15.88,13.28
