mode,stall_rate,run,workers,sections,work_s,ttl_s,stall_min_s,stall_s,attempts,accepted,rejected,stalls,lock_not_owned,stale_accepted,final_value,lost_updates,elapsed_s
none,0.05,1,8,2000,0.1,0.2,0.1,0.3,2000,2000,0,97,97,97,1908,92,217.9
write-only,0.05,1,8,2000,0.1,0.2,0.1,0.3,2046,2000,46,100,100,54,1950,50,223.0
claim-first,0.05,1,8,2000,0.1,0.2,0.1,0.3,2103,2000,103,103,103,0,2000,0,232.8
none,0.05,2,8,2000,0.1,0.2,0.1,0.3,2000,2000,0,108,108,108,1901,99,219.2
write-only,0.05,2,8,2000,0.1,0.2,0.1,0.3,2043,2000,43,108,108,65,1943,57,223.6
claim-first,0.05,2,8,2000,0.1,0.2,0.1,0.3,2109,2000,109,111,111,2,2000,0,233.3
none,0.05,3,8,2000,0.1,0.2,0.1,0.3,2000,2000,0,94,94,94,1912,88,218.0
write-only,0.05,3,8,2000,0.1,0.2,0.1,0.3,2047,2000,47,96,96,49,1955,45,223.3
claim-first,0.05,3,8,2000,0.1,0.2,0.1,0.3,2096,2000,96,100,100,4,2000,0,231.8
none,0.05,4,8,2000,0.1,0.2,0.1,0.3,2000,2000,0,97,97,97,1910,90,219.7
write-only,0.05,4,8,2000,0.1,0.2,0.1,0.3,2047,2000,47,98,98,51,1954,46,224.1
claim-first,0.05,4,8,2000,0.1,0.2,0.1,0.3,2104,2000,104,105,105,1,2000,0,233.9
none,0.05,5,8,2000,0.1,0.2,0.1,0.3,2000,2000,0,106,106,106,1899,101,224.2
write-only,0.05,5,8,2000,0.1,0.2,0.1,0.3,2051,2000,51,109,109,58,1946,54,229.7
claim-first,0.05,5,8,2000,0.1,0.2,0.1,0.3,2112,2000,112,112,113,1,2000,0,237.8
