round,k,selectivity_pct,mode,p50_ms,p95_ms
1,10,1,off,0.988,1.211
1,10,1,relaxed_order,5.169,13.924
1,10,1,strict_order,5.362,19.549
1,10,1,exact,1.564,1.898
1,10,10,off,0.808,1.079
1,10,10,relaxed_order,0.993,1.552
1,10,10,strict_order,0.935,1.419
1,10,10,exact,21.58,22.644
1,10,50,off,0.836,1.05
1,10,50,relaxed_order,0.822,0.959
1,10,50,strict_order,0.808,0.99
1,10,50,exact,88.074,110.85
1,50,1,off,1.499,1.713
1,50,1,relaxed_order,1.649,2.584
1,50,1,strict_order,1.705,2.199
1,50,1,exact,1.695,2.111
1,50,10,off,1.006,1.18
1,50,10,relaxed_order,2.691,4.625
1,50,10,strict_order,2.614,4.664
1,50,10,exact,21.343,22.476
1,50,50,off,0.878,1.061
1,50,50,relaxed_order,1.083,1.301
1,50,50,strict_order,1.057,1.294
1,50,50,exact,87.508,107.831
2,10,1,off,0.975,1.21
2,10,1,relaxed_order,5.495,14.307
2,10,1,strict_order,6.069,20.659
2,10,1,exact,2.07,2.546
2,10,10,off,0.871,1.15
2,10,10,relaxed_order,1.089,1.653
2,10,10,strict_order,0.958,1.419
2,10,10,exact,22.178,24.099
2,10,50,off,0.878,1.072
2,10,50,relaxed_order,0.86,1.047
2,10,50,strict_order,0.855,1.017
2,10,50,exact,90.762,114.156
2,50,1,off,1.837,2.488
2,50,1,relaxed_order,1.577,1.803
2,50,1,strict_order,1.58,2.023
2,50,1,exact,1.798,2.655
2,50,10,off,1.037,1.292
2,50,10,relaxed_order,2.787,4.658
2,50,10,strict_order,2.668,4.914
2,50,10,exact,22.259,23.65
2,50,50,off,0.907,1.231
2,50,50,relaxed_order,1.133,1.406
2,50,50,strict_order,1.082,1.405
2,50,50,exact,89.706,113.24
3,10,1,off,1.0,1.278
3,10,1,relaxed_order,5.526,13.701
3,10,1,strict_order,5.898,21.638
3,10,1,exact,2.091,2.83
3,10,10,off,0.885,1.18
3,10,10,relaxed_order,1.065,1.627
3,10,10,strict_order,1.012,1.557
3,10,10,exact,22.496,24.147
3,10,50,off,0.91,1.248
3,10,50,relaxed_order,0.831,0.971
3,10,50,strict_order,0.888,1.181
3,10,50,exact,92.258,114.49
3,50,1,off,2.395,2.828
3,50,1,relaxed_order,1.791,2.487
3,50,1,strict_order,2.024,2.603
3,50,1,exact,2.029,2.546
3,50,10,off,1.069,1.299
3,50,10,relaxed_order,2.933,5.044
3,50,10,strict_order,2.733,5.158
3,50,10,exact,22.097,23.561
3,50,50,off,0.912,1.154
3,50,50,relaxed_order,1.157,1.49
3,50,50,strict_order,1.221,1.584
3,50,50,exact,89.314,108.828
4,10,1,off,0.993,1.192
4,10,1,relaxed_order,5.033,13.053
4,10,1,strict_order,5.217,19.536
4,10,1,exact,1.736,2.091
4,10,10,off,0.834,1.115
4,10,10,relaxed_order,1.0,1.584
4,10,10,strict_order,0.937,1.429
4,10,10,exact,21.767,22.959
4,10,50,off,0.832,1.02
4,10,50,relaxed_order,0.822,0.999
4,10,50,strict_order,0.799,0.921
4,10,50,exact,88.959,110.964
4,50,1,off,1.709,2.238
4,50,1,relaxed_order,1.661,1.947
4,50,1,strict_order,1.71,2.021
4,50,1,exact,1.834,2.151
4,50,10,off,0.968,1.194
4,50,10,relaxed_order,2.643,4.594
4,50,10,strict_order,2.666,5.103
4,50,10,exact,21.045,22.232
4,50,50,off,0.925,1.149
4,50,50,relaxed_order,1.126,1.395
4,50,50,strict_order,1.104,1.338
4,50,50,exact,87.741,110.548
5,10,1,off,0.986,1.199
5,10,1,relaxed_order,5.189,13.759
5,10,1,strict_order,5.52,19.242
5,10,1,exact,1.554,1.826
5,10,10,off,0.81,1.084
5,10,10,relaxed_order,0.987,1.525
5,10,10,strict_order,0.944,1.563
5,10,10,exact,21.342,22.701
5,10,50,off,0.81,0.924
5,10,50,relaxed_order,0.843,0.981
5,10,50,strict_order,0.832,1.021
5,10,50,exact,88.92,109.697
5,50,1,off,1.542,1.806
5,50,1,relaxed_order,1.562,1.829
5,50,1,strict_order,1.599,2.081
5,50,1,exact,1.701,2.004
5,50,10,off,1.01,1.235
5,50,10,relaxed_order,2.673,4.626
5,50,10,strict_order,2.696,4.884
5,50,10,exact,21.361,22.598
5,50,50,off,0.857,0.998
5,50,50,relaxed_order,1.049,1.301
5,50,50,strict_order,1.042,1.278
5,50,50,exact,87.967,109.87
6,10,1,off,1.078,1.415
6,10,1,relaxed_order,5.33,13.676
6,10,1,strict_order,5.622,20.107
6,10,1,exact,1.631,2.022
6,10,10,off,0.825,1.085
6,10,10,relaxed_order,0.981,1.469
6,10,10,strict_order,0.953,1.465
6,10,10,exact,22.047,23.047
6,10,50,off,0.923,1.147
6,10,50,relaxed_order,0.869,1.021
6,10,50,strict_order,0.853,1.009
6,10,50,exact,89.022,114.444
6,50,1,off,1.768,2.176
6,50,1,relaxed_order,1.65,1.983
6,50,1,strict_order,1.595,1.934
6,50,1,exact,1.855,2.327
6,50,10,off,1.009,1.195
6,50,10,relaxed_order,2.795,4.705
6,50,10,strict_order,2.703,5.121
6,50,10,exact,21.518,23.207
6,50,50,off,0.875,1.08
6,50,50,relaxed_order,1.094,1.322
6,50,50,strict_order,1.084,1.341
6,50,50,exact,87.296,109.273
7,10,1,off,1.03,1.219
7,10,1,relaxed_order,5.425,14.241
7,10,1,strict_order,5.539,20.678
7,10,1,exact,1.667,1.932
7,10,10,off,0.825,1.098
7,10,10,relaxed_order,0.99,1.587
7,10,10,strict_order,0.969,1.5
7,10,10,exact,21.841,22.759
7,10,50,off,0.839,0.992
7,10,50,relaxed_order,0.888,1.061
7,10,50,strict_order,0.916,1.136
7,10,50,exact,89.94,113.769
7,50,1,off,1.674,2.12
7,50,1,relaxed_order,1.584,1.94
7,50,1,strict_order,1.626,1.88
7,50,1,exact,1.726,2.022
7,50,10,off,0.998,1.174
7,50,10,relaxed_order,2.745,4.616
7,50,10,strict_order,2.565,4.652
7,50,10,exact,21.508,22.296
7,50,50,off,0.884,1.057
7,50,50,relaxed_order,1.12,1.341
7,50,50,strict_order,1.159,1.506
7,50,50,exact,87.576,111.214
8,10,1,off,1.004,1.24
8,10,1,relaxed_order,5.005,14.011
8,10,1,strict_order,5.37,23.085
8,10,1,exact,1.612,1.907
8,10,10,off,0.82,1.105
8,10,10,relaxed_order,1.028,1.603
8,10,10,strict_order,0.976,1.505
8,10,10,exact,21.719,22.673
8,10,50,off,0.836,0.99
8,10,50,relaxed_order,0.853,1.001
8,10,50,strict_order,0.861,0.983
8,10,50,exact,92.246,112.127
8,50,1,off,1.974,2.582
8,50,1,relaxed_order,1.97,2.206
8,50,1,strict_order,1.996,2.527
8,50,1,exact,2.148,2.611
8,50,10,off,1.053,1.252
8,50,10,relaxed_order,2.885,4.969
8,50,10,strict_order,2.839,4.983
8,50,10,exact,22.882,23.884
8,50,50,off,0.928,1.16
8,50,50,relaxed_order,1.155,1.399
8,50,50,strict_order,1.178,1.476
8,50,50,exact,89.972,112.302
9,10,1,off,1.077,1.329
9,10,1,relaxed_order,5.497,15.004
9,10,1,strict_order,5.745,20.419
9,10,1,exact,1.659,1.958
9,10,10,off,0.866,1.166
9,10,10,relaxed_order,1.009,1.561
9,10,10,strict_order,0.982,1.523
9,10,10,exact,21.941,23.224
9,10,50,off,0.848,1.089
9,10,50,relaxed_order,0.854,1.011
9,10,50,strict_order,0.897,1.096
9,10,50,exact,90.965,112.482
9,50,1,off,2.191,2.776
9,50,1,relaxed_order,2.17,2.739
9,50,1,strict_order,1.998,2.798
9,50,1,exact,2.091,2.849
9,50,10,off,1.055,1.361
9,50,10,relaxed_order,3.033,5.204
9,50,10,strict_order,2.726,4.921
9,50,10,exact,21.979,22.986
9,50,50,off,0.92,1.101
9,50,50,relaxed_order,1.134,1.373
9,50,50,strict_order,1.11,1.367
9,50,50,exact,91.105,113.556
10,10,1,off,0.991,1.161
10,10,1,relaxed_order,5.3,13.812
10,10,1,strict_order,5.648,20.682
10,10,1,exact,1.75,2.078
10,10,10,off,0.843,1.099
10,10,10,relaxed_order,1.063,1.639
10,10,10,strict_order,1.015,1.449
10,10,10,exact,22.32,23.883
10,10,50,off,0.837,0.993
10,10,50,relaxed_order,0.856,1.057
10,10,50,strict_order,0.872,1.04
10,10,50,exact,90.793,115.034
10,50,1,off,1.802,2.66
10,50,1,relaxed_order,1.618,2.006
10,50,1,strict_order,1.818,2.427
10,50,1,exact,1.75,2.173
10,50,10,off,1.025,1.25
10,50,10,relaxed_order,2.805,4.883
10,50,10,strict_order,2.701,4.808
10,50,10,exact,22.318,23.728
10,50,50,off,0.902,1.079
10,50,50,relaxed_order,1.142,1.408
10,50,50,strict_order,1.127,1.498
10,50,50,exact,89.194,114.621
11,10,1,off,1.076,1.351
11,10,1,relaxed_order,5.783,15.568
11,10,1,strict_order,5.744,21.315
11,10,1,exact,2.063,2.623
11,10,10,off,0.862,1.189
11,10,10,relaxed_order,1.04,1.629
11,10,10,strict_order,0.991,1.528
11,10,10,exact,22.086,23.103
11,10,50,off,0.897,1.081
11,10,50,relaxed_order,0.897,1.061
11,10,50,strict_order,0.913,1.201
11,10,50,exact,89.63,113.763
11,50,1,off,1.654,2.003
11,50,1,relaxed_order,1.652,2.105
11,50,1,strict_order,1.815,2.464
11,50,1,exact,1.967,2.973
11,50,10,off,1.081,1.441
11,50,10,relaxed_order,3.071,5.344
11,50,10,strict_order,2.787,5.013
11,50,10,exact,22.438,23.942
11,50,50,off,0.931,1.149
11,50,50,relaxed_order,1.139,1.405
11,50,50,strict_order,1.15,1.41
11,50,50,exact,90.708,117.045
12,10,1,off,0.995,1.242
12,10,1,relaxed_order,5.277,13.343
12,10,1,strict_order,5.535,19.879
12,10,1,exact,1.752,2.14
12,10,10,off,0.847,1.121
12,10,10,relaxed_order,1.032,1.612
12,10,10,strict_order,0.971,1.513
12,10,10,exact,22.04,23.311
12,10,50,off,0.858,1.103
12,10,50,relaxed_order,0.947,1.166
12,10,50,strict_order,0.882,1.125
12,10,50,exact,92.864,114.093
12,50,1,off,1.958,2.722
12,50,1,relaxed_order,1.821,2.412
12,50,1,strict_order,1.843,2.385
12,50,1,exact,1.866,2.54
12,50,10,off,1.04,1.269
12,50,10,relaxed_order,2.753,4.946
12,50,10,strict_order,2.616,4.825
12,50,10,exact,21.92,23.148
12,50,50,off,0.955,1.236
12,50,50,relaxed_order,1.106,1.382
12,50,50,strict_order,1.1,1.347
12,50,50,exact,89.253,112.599
13,10,1,off,0.975,1.166
13,10,1,relaxed_order,5.2,13.864
13,10,1,strict_order,5.396,20.255
13,10,1,exact,1.793,2.106
13,10,10,off,0.844,1.105
13,10,10,relaxed_order,1.021,1.619
13,10,10,strict_order,0.988,1.448
13,10,10,exact,21.64,22.85
13,10,50,off,0.889,1.131
13,10,50,relaxed_order,0.898,1.114
13,10,50,strict_order,0.853,1.031
13,10,50,exact,89.827,112.887
13,50,1,off,1.845,2.446
13,50,1,relaxed_order,2.017,2.443
13,50,1,strict_order,1.854,2.185
13,50,1,exact,2.059,2.37
13,50,10,off,1.054,1.278
13,50,10,relaxed_order,2.84,5.023
13,50,10,strict_order,2.75,5.393
13,50,10,exact,21.171,22.805
13,50,50,off,0.883,1.101
13,50,50,relaxed_order,1.103,1.379
13,50,50,strict_order,1.071,1.329
13,50,50,exact,91.53,109.008
14,10,1,off,1.18,1.461
14,10,1,relaxed_order,5.887,15.142
14,10,1,strict_order,6.173,22.053
14,10,1,exact,2.076,2.606
14,10,10,off,0.971,1.244
14,10,10,relaxed_order,1.149,1.765
14,10,10,strict_order,1.056,1.653
14,10,10,exact,23.275,24.319
14,10,50,off,0.951,1.154
14,10,50,relaxed_order,0.935,1.1
14,10,50,strict_order,0.983,1.243
14,10,50,exact,94.196,118.726
14,50,1,off,1.927,2.422
14,50,1,relaxed_order,2.038,2.447
14,50,1,strict_order,1.922,2.368
14,50,1,exact,2.033,2.474
14,50,10,off,1.057,1.319
14,50,10,relaxed_order,2.93,5.177
14,50,10,strict_order,2.926,5.326
14,50,10,exact,22.531,23.541
14,50,50,off,1.017,1.25
14,50,50,relaxed_order,1.189,1.478
14,50,50,strict_order,1.233,1.538
14,50,50,exact,94.255,119.128
15,10,1,off,1.227,1.547
15,10,1,relaxed_order,6.225,16.385
15,10,1,strict_order,6.168,22.451
15,10,1,exact,2.103,2.541
15,10,10,off,0.988,1.304
15,10,10,relaxed_order,1.175,1.924
15,10,10,strict_order,1.054,1.53
15,10,10,exact,22.868,23.881
15,10,50,off,0.917,1.107
15,10,50,relaxed_order,0.933,1.16
15,10,50,strict_order,0.915,1.146
15,10,50,exact,91.883,114.263
15,50,1,off,1.949,2.58
15,50,1,relaxed_order,2.237,2.805
15,50,1,strict_order,2.052,2.571
15,50,1,exact,1.981,2.954
15,50,10,off,1.041,1.282
15,50,10,relaxed_order,2.824,4.994
15,50,10,strict_order,2.718,4.9
15,50,10,exact,22.769,24.032
15,50,50,off,0.907,1.115
15,50,50,relaxed_order,1.118,1.406
15,50,50,strict_order,1.214,1.533
15,50,50,exact,92.134,113.323
16,10,1,off,1.076,1.305
16,10,1,relaxed_order,5.932,16.013
16,10,1,strict_order,6.017,23.741
16,10,1,exact,2.071,2.514
16,10,10,off,0.892,1.174
16,10,10,relaxed_order,1.038,1.589
16,10,10,strict_order,1.038,1.699
16,10,10,exact,22.537,23.652
16,10,50,off,0.875,1.046
16,10,50,relaxed_order,0.884,1.058
16,10,50,strict_order,0.883,1.037
16,10,50,exact,90.945,115.303
16,50,1,off,1.632,1.935
16,50,1,relaxed_order,1.58,1.847
16,50,1,strict_order,1.572,1.776
16,50,1,exact,1.782,2.093
16,50,10,off,1.015,1.249
16,50,10,relaxed_order,2.736,4.713
16,50,10,strict_order,2.624,4.887
16,50,10,exact,21.56,22.795
16,50,50,off,0.898,1.046
16,50,50,relaxed_order,1.225,1.579
16,50,50,strict_order,1.109,1.359
16,50,50,exact,88.387,109.459
17,10,1,off,0.999,1.211
17,10,1,relaxed_order,5.126,14.166
17,10,1,strict_order,5.422,20.139
17,10,1,exact,1.742,2.055
17,10,10,off,0.836,1.144
17,10,10,relaxed_order,1.007,1.572
17,10,10,strict_order,0.957,1.429
17,10,10,exact,21.915,23.67
17,10,50,off,0.866,0.988
17,10,50,relaxed_order,0.903,1.137
17,10,50,strict_order,0.902,1.098
17,10,50,exact,92.138,115.383
17,50,1,off,2.081,2.884
17,50,1,relaxed_order,1.926,2.596
17,50,1,strict_order,1.829,2.387
17,50,1,exact,2.073,2.818
17,50,10,off,1.169,1.546
17,50,10,relaxed_order,3.074,5.271
17,50,10,strict_order,2.866,5.313
17,50,10,exact,22.593,23.683
17,50,50,off,0.919,1.107
17,50,50,relaxed_order,1.233,1.657
17,50,50,strict_order,1.118,1.471
17,50,50,exact,90.849,116.051
18,10,1,off,1.04,1.277
18,10,1,relaxed_order,5.361,14.677
18,10,1,strict_order,5.833,21.332
18,10,1,exact,1.651,2.065
18,10,10,off,0.869,1.156
18,10,10,relaxed_order,1.009,1.567
18,10,10,strict_order,0.975,1.495
18,10,10,exact,22.05,23.367
18,10,50,off,0.892,1.087
18,10,50,relaxed_order,0.844,1.042
18,10,50,strict_order,0.863,1.041
18,10,50,exact,93.424,113.058
18,50,1,off,1.764,2.303
18,50,1,relaxed_order,1.586,1.843
18,50,1,strict_order,1.727,2.231
18,50,1,exact,1.73,2.139
18,50,10,off,1.008,1.182
18,50,10,relaxed_order,2.726,4.664
18,50,10,strict_order,2.656,5.093
18,50,10,exact,22.424,24.188
18,50,50,off,0.906,1.132
18,50,50,relaxed_order,1.128,1.38
18,50,50,strict_order,1.086,1.35
18,50,50,exact,89.648,110.45
19,10,1,off,1.021,1.303
19,10,1,relaxed_order,5.256,14.775
19,10,1,strict_order,5.495,19.609
19,10,1,exact,1.732,2.395
19,10,10,off,0.863,1.182
19,10,10,relaxed_order,1.071,1.644
19,10,10,strict_order,1.023,1.535
19,10,10,exact,22.513,24.504
19,10,50,off,0.897,1.079
19,10,50,relaxed_order,0.886,1.1
19,10,50,strict_order,0.959,1.172
19,10,50,exact,97.311,112.832
19,50,1,off,1.752,2.117
19,50,1,relaxed_order,1.777,2.317
19,50,1,strict_order,1.694,1.974
19,50,1,exact,2.07,2.944
19,50,10,off,4.015,6.476
19,50,10,relaxed_order,6.211,19.731
19,50,10,strict_order,3.915,10.088
19,50,10,exact,23.208,24.458
19,50,50,off,0.985,1.297
19,50,50,relaxed_order,1.233,1.618
19,50,50,strict_order,1.226,1.576
19,50,50,exact,90.552,120.296
20,10,1,off,1.42,1.985
20,10,1,relaxed_order,6.029,17.136
20,10,1,strict_order,5.937,20.805
20,10,1,exact,1.633,2.144
20,10,10,off,0.842,1.122
20,10,10,relaxed_order,1.018,1.601
20,10,10,strict_order,0.998,1.555
20,10,10,exact,21.641,22.811
20,10,50,off,0.867,1.031
20,10,50,relaxed_order,0.913,1.127
20,10,50,strict_order,0.873,1.035
20,10,50,exact,92.918,115.992
20,50,1,off,2.146,2.855
20,50,1,relaxed_order,1.846,2.328
20,50,1,strict_order,1.78,2.614
20,50,1,exact,2.194,2.934
20,50,10,off,1.074,1.384
20,50,10,relaxed_order,2.88,5.079
20,50,10,strict_order,2.763,4.794
20,50,10,exact,22.036,23.384
20,50,50,off,0.902,1.137
20,50,50,relaxed_order,1.165,1.461
20,50,50,strict_order,1.277,1.61
20,50,50,exact,93.426,116.927
