run,consumer,delivered,deleted_still_served,edited_serving_old,revoked_still_readable,leftover_chunks
1,append_only,2892,100,400,100,3000
1,last_event_wins,2892,10,67,12,445
1,versioned,2892,0,0,0,0
1,versioned_lossy,2807,2,10,2,70
1,versioned_lossy_reconciled,2807,0,0,0,0
2,append_only,2869,100,400,100,3000
2,last_event_wins,2869,15,52,11,390
2,versioned,2869,0,0,0,0
2,versioned_lossy,2808,2,10,2,70
2,versioned_lossy_reconciled,2808,0,0,0,0
3,append_only,2855,100,400,100,3000
3,last_event_wins,2855,20,63,11,470
3,versioned,2855,0,0,0,0
3,versioned_lossy,2797,2,9,3,70
3,versioned_lossy_reconciled,2797,0,0,0,0
4,append_only,2857,100,400,100,3000
4,last_event_wins,2857,10,61,7,390
4,versioned,2857,0,0,0,0
4,versioned_lossy,2791,2,4,2,40
4,versioned_lossy_reconciled,2791,0,0,0,0
5,append_only,2855,100,400,100,3000
5,last_event_wins,2855,20,53,15,440
5,versioned,2855,0,0,0,0
5,versioned_lossy,2807,3,8,2,65
5,versioned_lossy_reconciled,2807,0,0,0,0
6,append_only,2873,100,400,100,3000
6,last_event_wins,2873,13,56,18,435
6,versioned,2873,0,0,0,0
6,versioned_lossy,2796,1,6,7,70
6,versioned_lossy_reconciled,2796,0,0,0,0
7,append_only,2863,100,400,100,3000
7,last_event_wins,2863,16,65,13,470
7,versioned,2863,0,0,0,0
7,versioned_lossy,2805,1,7,2,50
7,versioned_lossy_reconciled,2805,0,0,0,0
8,append_only,2862,100,400,100,3000
8,last_event_wins,2862,15,50,11,380
8,versioned,2862,0,0,0,0
8,versioned_lossy,2795,0,4,2,30
8,versioned_lossy_reconciled,2795,0,0,0,0
9,append_only,2892,100,400,100,3000
9,last_event_wins,2892,13,58,16,435
9,versioned,2892,0,0,0,0
9,versioned_lossy,2848,3,11,1,75
9,versioned_lossy_reconciled,2848,0,0,0,0
10,append_only,2849,100,400,100,3000
10,last_event_wins,2849,13,70,15,490
10,versioned,2849,0,0,0,0
10,versioned_lossy,2799,4,7,2,65
10,versioned_lossy_reconciled,2799,0,0,0,0
11,append_only,2853,100,400,100,3000
11,last_event_wins,2853,18,58,12,440
11,versioned,2853,0,0,0,0
11,versioned_lossy,2794,0,11,5,80
11,versioned_lossy_reconciled,2794,0,0,0,0
12,append_only,2849,100,400,100,3000
12,last_event_wins,2849,16,56,11,415
12,versioned,2849,0,0,0,0
12,versioned_lossy,2796,2,5,1,40
12,versioned_lossy_reconciled,2796,0,0,0,0
13,append_only,2855,100,400,100,3000
13,last_event_wins,2855,19,62,11,460
13,versioned,2855,0,0,0,0
13,versioned_lossy,2802,0,7,3,50
13,versioned_lossy_reconciled,2802,0,0,0,0
14,append_only,2873,100,400,100,3000
14,last_event_wins,2873,16,58,13,435
14,versioned,2873,0,0,0,0
14,versioned_lossy,2832,2,8,1,55
14,versioned_lossy_reconciled,2832,0,0,0,0
15,append_only,2864,100,400,100,3000
15,last_event_wins,2864,15,59,16,450
15,versioned,2864,0,0,0,0
15,versioned_lossy,2800,2,11,4,85
15,versioned_lossy_reconciled,2800,0,0,0,0
16,append_only,2857,100,400,100,3000
16,last_event_wins,2857,22,54,7,415
16,versioned,2857,0,0,0,0
16,versioned_lossy,2780,1,8,1,50
16,versioned_lossy_reconciled,2780,0,0,0,0
17,append_only,2840,100,400,100,3000
17,last_event_wins,2840,17,58,7,410
17,versioned,2840,0,0,0,0
17,versioned_lossy,2774,0,7,2,45
17,versioned_lossy_reconciled,2774,0,0,0,0
18,append_only,2858,100,400,100,3000
18,last_event_wins,2858,17,47,15,395
18,versioned,2858,0,0,0,0
18,versioned_lossy,2799,1,7,5,65
18,versioned_lossy_reconciled,2799,0,0,0,0
19,append_only,2864,100,400,100,3000
19,last_event_wins,2864,16,68,15,495
19,versioned,2864,0,0,0,0
19,versioned_lossy,2822,0,7,2,45
19,versioned_lossy_reconciled,2822,0,0,0,0
20,append_only,2867,100,400,100,3000
20,last_event_wins,2867,14,40,19,365
20,versioned,2867,0,0,0,0
20,versioned_lossy,2814,3,6,1,50
20,versioned_lossy_reconciled,2814,0,0,0,0
