run,events_sent,events_counted,slice_alert_tick,global_alert_tick,false_alarms,global_rate_healthy,global_rate_low,global_rate_peak,slice_rate_low,slice_rate_peak,requests_misrouted_low,users_hit_by_change,users_hit_by_end
0,120000,120000,12,46,0,0.9758,0.9726833333333333,0.941,0.7430555555555556,0.764294790343075,0.0072,0.194,0.948
1,120000,120000,11,45,0,0.9725,0.9718833333333333,0.93785,0.756198347107438,0.7667701863354037,0.008066666666666666,0.212,0.96
2,120000,120000,11,45,0,0.9738,0.9714666666666667,0.941,0.7674418604651163,0.7692061459667093,0.0086,0.224,0.946
3,120000,120000,11,45,0,0.9736,0.96975,0.93835,0.7559055118110236,0.7493734335839599,0.008466666666666667,0.216,0.948
4,120000,120000,12,45,0,0.9746,0.9700333333333333,0.94055,0.7787610619469026,0.7712294043092522,0.007533333333333334,0.196,0.946
5,120000,120000,11,46,0,0.97305,0.9723833333333334,0.94165,0.735,0.760347129506008,0.006666666666666667,0.174,0.95
6,120000,120000,13,45,0,0.9742,0.97155,0.93805,0.7785087719298246,0.7590286425902865,0.0076,0.214,0.946
7,120000,120000,11,46,0,0.97495,0.9728,0.9413,0.7703703703703704,0.7675382653061225,0.009,0.25,0.948
8,120000,120000,11,47,0,0.9732,0.97265,0.9403,0.7739130434782608,0.7652998776009792,0.007666666666666666,0.2,0.954
9,120000,120000,12,46,0,0.97325,0.9706166666666667,0.9415,0.75,0.7721212121212121,0.008933333333333333,0.244,0.954
10,120000,120000,12,47,0,0.9741,0.9727166666666667,0.94095,0.7632743362831859,0.7688556566970091,0.007533333333333334,0.202,0.944
11,120000,120000,12,45,0,0.97515,0.9715,0.93905,0.7142857142857143,0.7560024009603842,0.0084,0.23,0.958
12,120000,120000,11,46,0,0.9756,0.9706,0.93755,0.7330827067669173,0.7645142180094787,0.008866666666666667,0.226,0.944
13,120000,120000,12,46,0,0.97185,0.9724,0.9394,0.8012820512820513,0.7567307692307692,0.0078,0.204,0.942
14,120000,120000,12,44,0,0.9727,0.9700666666666666,0.93825,0.7790697674418605,0.7652046783625731,0.0086,0.23,0.952
15,120000,120000,14,43,0,0.97165,0.9716666666666667,0.9408,0.7581967213114754,0.7620668316831684,0.008133333333333333,0.218,0.96
16,120000,120000,12,45,0,0.9741,0.97245,0.93845,0.7651515151515151,0.7690023752969121,0.0088,0.232,0.946
17,120000,120000,11,44,0,0.9722,0.9711,0.93805,0.7762096774193549,0.7547709923664122,0.008266666666666667,0.22,0.95
18,120000,120000,12,45,0,0.971,0.9724333333333334,0.94045,0.7364341085271318,0.7525839793281653,0.0086,0.228,0.944
19,120000,120000,12,46,0,0.97465,0.9724,0.93945,0.756578947368421,0.7670670037926675,0.0076,0.2,0.934
