run,tick,share,total,passed,slice_total,slice_passed
0,0,0.0,2000,1960,0,0
0,1,0.0,2000,1957,0,0
0,2,0.0,2000,1957,0,0
0,3,0.0,2000,1961,0,0
0,4,0.0,2000,1949,0,0
0,5,0.0,2000,1945,0,0
0,6,0.0,2000,1940,0,0
0,7,0.0,2000,1944,0,0
0,8,0.0,2000,1950,0,0
0,9,0.0,2000,1953,0,0
0,10,0.008,2000,1950,0,0
0,11,0.008,2000,1946,12,10
0,12,0.008,2000,1941,20,17
0,13,0.008,2000,1936,8,4
0,14,0.008,2000,1938,24,20
0,15,0.008,2000,1947,16,14
0,16,0.008,2000,1943,8,6
0,17,0.008,2000,1942,12,8
0,18,0.008,2000,1948,4,3
0,19,0.008,2000,1949,4,3
0,20,0.008,2000,1939,12,8
0,21,0.008,2000,1949,12,9
0,22,0.008,2000,1945,12,7
0,23,0.008,2000,1947,16,11
0,24,0.008,2000,1946,12,9
0,25,0.008,2000,1937,16,13
0,26,0.008,2000,1931,16,13
0,27,0.008,2000,1957,12,12
0,28,0.008,2000,1941,16,10
0,29,0.008,2000,1948,8,6
0,30,0.008,2000,1948,16,11
0,31,0.008,2000,1936,40,25
0,32,0.008,2000,1941,12,7
0,33,0.008,2000,1951,16,13
0,34,0.008,2000,1945,16,11
0,35,0.008,2000,1958,24,17
0,36,0.008,2000,1955,8,6
0,37,0.008,2000,1952,12,10
0,38,0.008,2000,1942,36,27
0,39,0.008,2000,1953,12,11
0,40,0.0232,2000,1935,56,41
0,41,0.038400000000000004,2000,1923,80,59
0,42,0.053599999999999995,2000,1919,96,72
0,43,0.0688,2000,1923,176,134
0,44,0.08399999999999999,2000,1911,180,134
0,45,0.09919999999999998,2000,1912,200,153
0,46,0.1144,2000,1891,212,151
0,47,0.1296,2000,1898,244,185
0,48,0.1448,2000,1904,276,216
0,49,0.16,2000,1880,348,269
0,50,0.16,2000,1887,308,235
0,51,0.16,2000,1882,348,267
0,52,0.16,2000,1869,276,204
0,53,0.16,2000,1875,336,255
0,54,0.16,2000,1885,340,273
0,55,0.16,2000,1877,348,260
0,56,0.16,2000,1892,276,214
0,57,0.16,2000,1879,332,255
0,58,0.16,2000,1876,316,240
0,59,0.16,2000,1898,268,203
1,0,0.0,2000,1951,0,0
1,1,0.0,2000,1946,0,0
1,2,0.0,2000,1943,0,0
1,3,0.0,2000,1931,0,0
1,4,0.0,2000,1948,0,0
1,5,0.0,2000,1945,0,0
1,6,0.0,2000,1950,0,0
1,7,0.0,2000,1944,0,0
1,8,0.0,2000,1943,0,0
1,9,0.0,2000,1949,0,0
1,10,0.008,2000,1934,16,9
1,11,0.008,2000,1937,16,13
1,12,0.008,2000,1946,4,4
1,13,0.008,2000,1951,12,9
1,14,0.008,2000,1947,16,14
1,15,0.008,2000,1946,16,13
1,16,0.008,2000,1939,44,36
1,17,0.008,2000,1933,20,15
1,18,0.008,2000,1937,12,5
1,19,0.008,2000,1953,12,10
1,20,0.008,2000,1938,12,10
1,21,0.008,2000,1948,20,17
1,22,0.008,2000,1955,8,6
1,23,0.008,2000,1948,16,13
1,24,0.008,2000,1952,20,15
1,25,0.008,2000,1948,16,10
1,26,0.008,2000,1937,12,10
1,27,0.008,2000,1940,24,19
1,28,0.008,2000,1939,16,12
1,29,0.008,2000,1932,12,10
1,30,0.008,2000,1957,0,0
1,31,0.008,2000,1944,16,12
1,32,0.008,2000,1949,8,5
1,33,0.008,2000,1944,20,12
1,34,0.008,2000,1940,24,19
1,35,0.008,2000,1943,36,30
1,36,0.008,2000,1937,12,6
1,37,0.008,2000,1949,8,4
1,38,0.008,2000,1943,24,17
1,39,0.008,2000,1947,12,11
1,40,0.0232,2000,1931,64,49
1,41,0.038400000000000004,2000,1940,64,47
1,42,0.053599999999999995,2000,1931,124,91
1,43,0.0688,2000,1914,164,123
1,44,0.08399999999999999,2000,1892,248,182
1,45,0.09919999999999998,2000,1891,212,147
1,46,0.1144,2000,1889,236,176
1,47,0.1296,2000,1855,356,251
1,48,0.1448,2000,1897,272,216
1,49,0.16,2000,1870,356,279
1,50,0.16,2000,1859,348,261
1,51,0.16,2000,1869,320,240
1,52,0.16,2000,1878,340,263
1,53,0.16,2000,1900,328,258
1,54,0.16,2000,1880,320,249
1,55,0.16,2000,1873,308,238
1,56,0.16,2000,1887,304,239
1,57,0.16,2000,1890,288,220
1,58,0.16,2000,1858,312,229
1,59,0.16,2000,1863,352,272
2,0,0.0,2000,1944,0,0
2,1,0.0,2000,1944,0,0
2,2,0.0,2000,1954,0,0
2,3,0.0,2000,1944,0,0
2,4,0.0,2000,1959,0,0
2,5,0.0,2000,1950,0,0
2,6,0.0,2000,1948,0,0
2,7,0.0,2000,1939,0,0
2,8,0.0,2000,1943,0,0
2,9,0.0,2000,1951,0,0
2,10,0.008,2000,1956,12,7
2,11,0.008,2000,1940,20,12
2,12,0.008,2000,1946,24,21
2,13,0.008,2000,1935,44,35
2,14,0.008,2000,1949,12,10
2,15,0.008,2000,1936,12,10
2,16,0.008,2000,1956,28,23
2,17,0.008,2000,1947,28,20
2,18,0.008,2000,1935,12,11
2,19,0.008,2000,1926,8,6
2,20,0.008,2000,1933,12,9
2,21,0.008,2000,1953,28,20
2,22,0.008,2000,1945,0,0
2,23,0.008,2000,1949,16,10
2,24,0.008,2000,1941,20,12
2,25,0.008,2000,1939,28,25
2,26,0.008,2000,1939,12,10
2,27,0.008,2000,1945,20,12
2,28,0.008,2000,1946,16,15
2,29,0.008,2000,1950,32,25
2,30,0.008,2000,1948,8,6
2,31,0.008,2000,1938,12,10
2,32,0.008,2000,1952,16,13
2,33,0.008,2000,1933,12,7
2,34,0.008,2000,1926,8,6
2,35,0.008,2000,1941,12,11
2,36,0.008,2000,1951,12,9
2,37,0.008,2000,1952,12,10
2,38,0.008,2000,1948,24,21
2,39,0.008,2000,1933,16,10
2,40,0.0232,2000,1930,64,50
2,41,0.038400000000000004,2000,1937,84,54
2,42,0.053599999999999995,2000,1928,112,86
2,43,0.0688,2000,1919,108,67
2,44,0.08399999999999999,2000,1909,176,137
2,45,0.09919999999999998,2000,1904,184,140
2,46,0.1144,2000,1889,256,192
2,47,0.1296,2000,1905,228,172
2,48,0.1448,2000,1892,264,195
2,49,0.16,2000,1885,288,219
2,50,0.16,2000,1882,344,269
2,51,0.16,2000,1889,304,241
2,52,0.16,2000,1882,304,226
2,53,0.16,2000,1874,288,218
2,54,0.16,2000,1883,296,226
2,55,0.16,2000,1897,276,210
2,56,0.16,2000,1862,392,300
2,57,0.16,2000,1874,328,255
2,58,0.16,2000,1880,312,237
2,59,0.16,2000,1897,280,221
3,0,0.0,2000,1947,0,0
3,1,0.0,2000,1959,0,0
3,2,0.0,2000,1945,0,0
3,3,0.0,2000,1953,0,0
3,4,0.0,2000,1946,0,0
3,5,0.0,2000,1939,0,0
3,6,0.0,2000,1949,0,0
3,7,0.0,2000,1943,0,0
3,8,0.0,2000,1948,0,0
3,9,0.0,2000,1943,0,0
3,10,0.008,2000,1931,12,7
3,11,0.008,2000,1932,28,24
3,12,0.008,2000,1941,28,20
3,13,0.008,2000,1930,12,7
3,14,0.008,2000,1942,16,12
3,15,0.008,2000,1939,20,12
3,16,0.008,2000,1936,16,13
3,17,0.008,2000,1950,12,8
3,18,0.008,2000,1941,16,12
3,19,0.008,2000,1940,12,11
3,20,0.008,2000,1945,16,10
3,21,0.008,2000,1945,12,10
3,22,0.008,2000,1953,20,17
3,23,0.008,2000,1959,8,8
3,24,0.008,2000,1938,16,14
3,25,0.008,2000,1930,20,18
3,26,0.008,2000,1936,12,10
3,27,0.008,2000,1939,28,18
3,28,0.008,2000,1920,24,15
3,29,0.008,2000,1938,12,8
3,30,0.008,2000,1934,28,21
3,31,0.008,2000,1947,8,8
3,32,0.008,2000,1938,20,16
3,33,0.008,2000,1947,12,9
3,34,0.008,2000,1945,4,3
3,35,0.008,2000,1931,24,15
3,36,0.008,2000,1929,24,19
3,37,0.008,2000,1941,28,23
3,38,0.008,2000,1948,12,9
3,39,0.008,2000,1940,8,7
3,40,0.0232,2000,1934,52,41
3,41,0.038400000000000004,2000,1942,72,61
3,42,0.053599999999999995,2000,1939,92,74
3,43,0.0688,2000,1918,120,90
3,44,0.08399999999999999,2000,1923,168,131
3,45,0.09919999999999998,2000,1894,224,169
3,46,0.1144,2000,1885,248,187
3,47,0.1296,2000,1904,216,175
3,48,0.1448,2000,1883,268,207
3,49,0.16,2000,1891,268,205
3,50,0.16,2000,1894,292,230
3,51,0.16,2000,1864,344,246
3,52,0.16,2000,1874,356,277
3,53,0.16,2000,1870,332,251
3,54,0.16,2000,1891,308,240
3,55,0.16,2000,1891,296,233
3,56,0.16,2000,1873,300,219
3,57,0.16,2000,1857,348,244
3,58,0.16,2000,1868,332,250
3,59,0.16,2000,1885,284,202
4,0,0.0,2000,1938,0,0
4,1,0.0,2000,1948,0,0
4,2,0.0,2000,1949,0,0
4,3,0.0,2000,1957,0,0
4,4,0.0,2000,1956,0,0
4,5,0.0,2000,1951,0,0
4,6,0.0,2000,1940,0,0
4,7,0.0,2000,1956,0,0
4,8,0.0,2000,1957,0,0
4,9,0.0,2000,1940,0,0
4,10,0.008,2000,1930,16,13
4,11,0.008,2000,1939,8,5
4,12,0.008,2000,1955,12,11
4,13,0.008,2000,1944,12,9
4,14,0.008,2000,1943,20,12
4,15,0.008,2000,1949,16,13
4,16,0.008,2000,1934,4,4
4,17,0.008,2000,1947,20,14
4,18,0.008,2000,1951,12,11
4,19,0.008,2000,1944,24,16
4,20,0.008,2000,1941,12,10
4,21,0.008,2000,1951,16,13
4,22,0.008,2000,1931,16,10
4,23,0.008,2000,1940,28,21
4,24,0.008,2000,1936,12,8
4,25,0.008,2000,1949,12,9
4,26,0.008,2000,1933,20,16
4,27,0.008,2000,1934,8,7
4,28,0.008,2000,1940,28,21
4,29,0.008,2000,1928,16,10
4,30,0.008,2000,1944,8,8
4,31,0.008,2000,1932,4,3
4,32,0.008,2000,1936,16,15
4,33,0.008,2000,1946,0,0
4,34,0.008,2000,1933,20,16
4,35,0.008,2000,1922,28,24
4,36,0.008,2000,1931,16,15
4,37,0.008,2000,1955,12,8
4,38,0.008,2000,1947,12,11
4,39,0.008,2000,1937,24,19
4,40,0.0232,2000,1936,36,26
4,41,0.038400000000000004,2000,1929,60,51
4,42,0.053599999999999995,2000,1936,88,67
4,43,0.0688,2000,1908,184,135
4,44,0.08399999999999999,2000,1901,180,129
4,45,0.09919999999999998,2000,1884,264,196
4,46,0.1144,2000,1908,180,136
4,47,0.1296,2000,1896,248,197
4,48,0.1448,2000,1889,240,181
4,49,0.16,2000,1868,336,261
4,50,0.16,2000,1871,364,290
4,51,0.16,2000,1864,288,203
4,52,0.16,2000,1874,336,256
4,53,0.16,2000,1886,320,257
4,54,0.16,2000,1904,260,205
4,55,0.16,2000,1888,296,222
4,56,0.16,2000,1881,300,233
4,57,0.16,2000,1890,344,272
4,58,0.16,2000,1871,320,240
4,59,0.16,2000,1882,328,256
5,0,0.0,2000,1947,0,0
5,1,0.0,2000,1944,0,0
5,2,0.0,2000,1936,0,0
5,3,0.0,2000,1942,0,0
5,4,0.0,2000,1951,0,0
5,5,0.0,2000,1952,0,0
5,6,0.0,2000,1954,0,0
5,7,0.0,2000,1937,0,0
5,8,0.0,2000,1938,0,0
5,9,0.0,2000,1960,0,0
5,10,0.008,2000,1938,20,16
5,11,0.008,2000,1949,12,9
5,12,0.008,2000,1948,16,11
5,13,0.008,2000,1947,8,5
5,14,0.008,2000,1948,12,7
5,15,0.008,2000,1937,24,13
5,16,0.008,2000,1957,8,7
5,17,0.008,2000,1945,12,8
5,18,0.008,2000,1933,32,25
5,19,0.008,2000,1949,16,13
5,20,0.008,2000,1953,4,1
5,21,0.008,2000,1951,8,7
5,22,0.008,2000,1950,24,20
5,23,0.008,2000,1942,8,5
5,24,0.008,2000,1935,16,11
5,25,0.008,2000,1950,4,3
5,26,0.008,2000,1943,8,4
5,27,0.008,2000,1949,8,6
5,28,0.008,2000,1946,4,3
5,29,0.008,2000,1940,8,4
5,30,0.008,2000,1941,20,17
5,31,0.008,2000,1933,4,3
5,32,0.008,2000,1938,16,15
5,33,0.008,2000,1960,16,12
5,34,0.008,2000,1945,4,4
5,35,0.008,2000,1936,8,3
5,36,0.008,2000,1952,24,17
5,37,0.008,2000,1943,8,8
5,38,0.008,2000,1949,16,12
5,39,0.008,2000,1936,32,25
5,40,0.0232,2000,1935,36,28
5,41,0.038400000000000004,2000,1921,80,59
5,42,0.053599999999999995,2000,1910,132,101
5,43,0.0688,2000,1922,104,76
5,44,0.08399999999999999,2000,1914,108,76
5,45,0.09919999999999998,2000,1914,168,130
5,46,0.1144,2000,1904,208,159
5,47,0.1296,2000,1896,280,209
5,48,0.1448,2000,1869,308,227
5,49,0.16,2000,1871,356,273
5,50,0.16,2000,1892,292,229
5,51,0.16,2000,1891,208,153
5,52,0.16,2000,1888,292,216
5,53,0.16,2000,1873,324,236
5,54,0.16,2000,1888,336,261
5,55,0.16,2000,1902,304,242
5,56,0.16,2000,1889,320,259
5,57,0.16,2000,1871,312,240
5,58,0.16,2000,1877,304,223
5,59,0.16,2000,1862,304,219
6,0,0.0,2000,1947,0,0
6,1,0.0,2000,1950,0,0
6,2,0.0,2000,1958,0,0
6,3,0.0,2000,1946,0,0
6,4,0.0,2000,1945,0,0
6,5,0.0,2000,1940,0,0
6,6,0.0,2000,1954,0,0
6,7,0.0,2000,1954,0,0
6,8,0.0,2000,1946,0,0
6,9,0.0,2000,1944,0,0
6,10,0.008,2000,1949,4,4
6,11,0.008,2000,1946,8,8
6,12,0.008,2000,1933,24,21
6,13,0.008,2000,1943,20,17
6,14,0.008,2000,1939,4,4
6,15,0.008,2000,1942,12,12
6,16,0.008,2000,1960,4,3
6,17,0.008,2000,1934,12,9
6,18,0.008,2000,1949,8,6
6,19,0.008,2000,1947,12,8
6,20,0.008,2000,1933,36,26
6,21,0.008,2000,1949,28,21
6,22,0.008,2000,1936,32,25
6,23,0.008,2000,1951,4,4
6,24,0.008,2000,1943,8,4
6,25,0.008,2000,1936,24,19
6,26,0.008,2000,1943,12,7
6,27,0.008,2000,1936,28,22
6,28,0.008,2000,1944,8,7
6,29,0.008,2000,1950,12,11
6,30,0.008,2000,1936,12,9
6,31,0.008,2000,1944,12,9
6,32,0.008,2000,1951,16,13
6,33,0.008,2000,1942,12,9
6,34,0.008,2000,1937,8,7
6,35,0.008,2000,1941,20,13
6,36,0.008,2000,1937,16,12
6,37,0.008,2000,1945,12,7
6,38,0.008,2000,1958,20,16
6,39,0.008,2000,1939,28,22
6,40,0.0232,2000,1941,16,11
6,41,0.038400000000000004,2000,1933,68,52
6,42,0.053599999999999995,2000,1930,88,72
6,43,0.0688,2000,1914,124,93
6,44,0.08399999999999999,2000,1902,168,128
6,45,0.09919999999999998,2000,1907,156,112
6,46,0.1144,2000,1882,236,167
6,47,0.1296,2000,1890,252,191
6,48,0.1448,2000,1890,312,243
6,49,0.16,2000,1871,368,281
6,50,0.16,2000,1883,268,202
6,51,0.16,2000,1866,276,202
6,52,0.16,2000,1867,340,247
6,53,0.16,2000,1874,372,284
6,54,0.16,2000,1892,288,225
6,55,0.16,2000,1892,324,251
6,56,0.16,2000,1860,320,239
6,57,0.16,2000,1864,356,270
6,58,0.16,2000,1882,316,242
6,59,0.16,2000,1881,352,276
7,0,0.0,2000,1955,0,0
7,1,0.0,2000,1944,0,0
7,2,0.0,2000,1945,0,0
7,3,0.0,2000,1950,0,0
7,4,0.0,2000,1940,0,0
7,5,0.0,2000,1964,0,0
7,6,0.0,2000,1938,0,0
7,7,0.0,2000,1947,0,0
7,8,0.0,2000,1961,0,0
7,9,0.0,2000,1955,0,0
7,10,0.008,2000,1951,8,8
7,11,0.008,2000,1925,40,26
7,12,0.008,2000,1948,20,18
7,13,0.008,2000,1945,28,21
7,14,0.008,2000,1950,4,2
7,15,0.008,2000,1947,4,3
7,16,0.008,2000,1956,0,0
7,17,0.008,2000,1957,16,13
7,18,0.008,2000,1953,4,3
7,19,0.008,2000,1940,24,20
7,20,0.008,2000,1947,28,23
7,21,0.008,2000,1948,12,12
7,22,0.008,2000,1946,16,13
7,23,0.008,2000,1952,28,24
7,24,0.008,2000,1958,4,3
7,25,0.008,2000,1952,20,17
7,26,0.008,2000,1949,24,18
7,27,0.008,2000,1934,28,18
7,28,0.008,2000,1940,20,12
7,29,0.008,2000,1939,12,8
7,30,0.008,2000,1939,28,22
7,31,0.008,2000,1934,12,9
7,32,0.008,2000,1952,16,15
7,33,0.008,2000,1958,8,6
7,34,0.008,2000,1930,36,30
7,35,0.008,2000,1942,24,18
7,36,0.008,2000,1940,20,15
7,37,0.008,2000,1951,16,11
7,38,0.008,2000,1935,28,20
7,39,0.008,2000,1950,12,8
7,40,0.0232,2000,1935,44,35
7,41,0.038400000000000004,2000,1918,92,69
7,42,0.053599999999999995,2000,1929,60,42
7,43,0.0688,2000,1934,116,95
7,44,0.08399999999999999,2000,1906,132,100
7,45,0.09919999999999998,2000,1916,208,168
7,46,0.1144,2000,1897,252,199
7,47,0.1296,2000,1880,280,215
7,48,0.1448,2000,1867,348,263
7,49,0.16,2000,1878,332,249
7,50,0.16,2000,1864,292,209
7,51,0.16,2000,1895,340,271
7,52,0.16,2000,1905,240,191
7,53,0.16,2000,1879,296,217
7,54,0.16,2000,1879,304,231
7,55,0.16,2000,1887,320,244
7,56,0.16,2000,1884,344,266
7,57,0.16,2000,1890,268,208
7,58,0.16,2000,1864,384,296
7,59,0.16,2000,1879,348,274
8,0,0.0,2000,1929,0,0
8,1,0.0,2000,1948,0,0
8,2,0.0,2000,1940,0,0
8,3,0.0,2000,1949,0,0
8,4,0.0,2000,1953,0,0
8,5,0.0,2000,1929,0,0
8,6,0.0,2000,1946,0,0
8,7,0.0,2000,1954,0,0
8,8,0.0,2000,1961,0,0
8,9,0.0,2000,1955,0,0
8,10,0.008,2000,1944,12,10
8,11,0.008,2000,1939,20,16
8,12,0.008,2000,1945,8,7
8,13,0.008,2000,1951,16,11
8,14,0.008,2000,1946,24,19
8,15,0.008,2000,1939,8,6
8,16,0.008,2000,1951,20,17
8,17,0.008,2000,1944,28,22
8,18,0.008,2000,1954,8,7
8,19,0.008,2000,1928,28,24
8,20,0.008,2000,1937,8,6
8,21,0.008,2000,1943,24,16
8,22,0.008,2000,1954,24,20
8,23,0.008,2000,1937,12,9
8,24,0.008,2000,1946,8,6
8,25,0.008,2000,1942,12,11
8,26,0.008,2000,1958,4,4
8,27,0.008,2000,1953,12,11
8,28,0.008,2000,1948,12,6
8,29,0.008,2000,1945,0,0
8,30,0.008,2000,1949,24,19
8,31,0.008,2000,1948,16,10
8,32,0.008,2000,1941,8,6
8,33,0.008,2000,1934,24,16
8,34,0.008,2000,1953,28,20
8,35,0.008,2000,1950,12,10
8,36,0.008,2000,1955,16,14
8,37,0.008,2000,1954,12,9
8,38,0.008,2000,1948,4,3
8,39,0.008,2000,1923,28,21
8,40,0.0232,2000,1921,56,39
8,41,0.038400000000000004,2000,1926,68,54
8,42,0.053599999999999995,2000,1925,124,96
8,43,0.0688,2000,1911,104,77
8,44,0.08399999999999999,2000,1915,160,123
8,45,0.09919999999999998,2000,1924,180,143
8,46,0.1144,2000,1914,192,148
8,47,0.1296,2000,1888,332,247
8,48,0.1448,2000,1883,344,263
8,49,0.16,2000,1902,316,256
8,50,0.16,2000,1870,364,274
8,51,0.16,2000,1880,344,263
8,52,0.16,2000,1882,332,250
8,53,0.16,2000,1861,340,248
8,54,0.16,2000,1897,240,192
8,55,0.16,2000,1864,344,260
8,56,0.16,2000,1898,304,239
8,57,0.16,2000,1883,352,267
8,58,0.16,2000,1869,356,278
8,59,0.16,2000,1902,292,230
9,0,0.0,2000,1957,0,0
9,1,0.0,2000,1949,0,0
9,2,0.0,2000,1946,0,0
9,3,0.0,2000,1933,0,0
9,4,0.0,2000,1946,0,0
9,5,0.0,2000,1953,0,0
9,6,0.0,2000,1943,0,0
9,7,0.0,2000,1945,0,0
9,8,0.0,2000,1953,0,0
9,9,0.0,2000,1940,0,0
9,10,0.008,2000,1935,20,17
9,11,0.008,2000,1949,4,3
9,12,0.008,2000,1939,32,21
9,13,0.008,2000,1935,20,15
9,14,0.008,2000,1948,8,6
9,15,0.008,2000,1935,8,6
9,16,0.008,2000,1933,36,28
9,17,0.008,2000,1925,28,24
9,18,0.008,2000,1934,24,19
9,19,0.008,2000,1942,16,14
9,20,0.008,2000,1949,16,10
9,21,0.008,2000,1938,24,17
9,22,0.008,2000,1947,16,13
9,23,0.008,2000,1937,28,20
9,24,0.008,2000,1942,12,8
9,25,0.008,2000,1943,20,19
9,26,0.008,2000,1935,20,14
9,27,0.008,2000,1946,12,9
9,28,0.008,2000,1946,16,12
9,29,0.008,2000,1935,20,13
9,30,0.008,2000,1948,28,24
9,31,0.008,2000,1958,8,6
9,32,0.008,2000,1955,0,0
9,33,0.008,2000,1936,20,14
9,34,0.008,2000,1945,8,5
9,35,0.008,2000,1938,16,11
9,36,0.008,2000,1939,32,23
9,37,0.008,2000,1945,12,10
9,38,0.008,2000,1940,16,12
9,39,0.008,2000,1940,16,9
9,40,0.0232,2000,1943,60,48
9,41,0.038400000000000004,2000,1919,104,79
9,42,0.053599999999999995,2000,1936,100,78
9,43,0.0688,2000,1926,88,63
9,44,0.08399999999999999,2000,1904,192,144
9,45,0.09919999999999998,2000,1908,172,129
9,46,0.1144,2000,1900,260,204
9,47,0.1296,2000,1895,268,205
9,48,0.1448,2000,1898,264,201
9,49,0.16,2000,1887,308,242
9,50,0.16,2000,1892,308,231
9,51,0.16,2000,1894,308,240
9,52,0.16,2000,1886,304,238
9,53,0.16,2000,1894,320,259
9,54,0.16,2000,1887,364,288
9,55,0.16,2000,1875,360,288
9,56,0.16,2000,1887,340,260
9,57,0.16,2000,1853,412,309
9,58,0.16,2000,1889,296,226
9,59,0.16,2000,1873,288,209
10,0,0.0,2000,1940,0,0
10,1,0.0,2000,1943,0,0
10,2,0.0,2000,1947,0,0
10,3,0.0,2000,1953,0,0
10,4,0.0,2000,1952,0,0
10,5,0.0,2000,1956,0,0
10,6,0.0,2000,1940,0,0
10,7,0.0,2000,1953,0,0
10,8,0.0,2000,1949,0,0
10,9,0.0,2000,1949,0,0
10,10,0.008,2000,1940,8,6
10,11,0.008,2000,1936,20,16
10,12,0.008,2000,1950,16,11
10,13,0.008,2000,1955,8,8
10,14,0.008,2000,1956,20,12
10,15,0.008,2000,1939,8,4
10,16,0.008,2000,1943,24,20
10,17,0.008,2000,1950,12,10
10,18,0.008,2000,1934,8,8
10,19,0.008,2000,1936,20,13
10,20,0.008,2000,1951,20,14
10,21,0.008,2000,1948,8,4
10,22,0.008,2000,1940,16,11
10,23,0.008,2000,1939,24,16
10,24,0.008,2000,1958,24,19
10,25,0.008,2000,1940,16,11
10,26,0.008,2000,1952,12,10
10,27,0.008,2000,1947,16,11
10,28,0.008,2000,1929,16,12
10,29,0.008,2000,1931,16,11
10,30,0.008,2000,1943,12,10
10,31,0.008,2000,1955,16,14
10,32,0.008,2000,1947,12,8
10,33,0.008,2000,1948,8,8
10,34,0.008,2000,1941,12,8
10,35,0.008,2000,1941,12,9
10,36,0.008,2000,1953,12,11
10,37,0.008,2000,1942,24,22
10,38,0.008,2000,1958,16,14
10,39,0.008,2000,1961,16,14
10,40,0.0232,2000,1945,52,45
10,41,0.038400000000000004,2000,1937,72,55
10,42,0.053599999999999995,2000,1929,80,64
10,43,0.0688,2000,1922,96,72
10,44,0.08399999999999999,2000,1921,160,123
10,45,0.09919999999999998,2000,1904,228,177
10,46,0.1144,2000,1919,212,172
10,47,0.1296,2000,1895,220,164
10,48,0.1448,2000,1870,284,213
10,49,0.16,2000,1870,308,223
10,50,0.16,2000,1899,268,216
10,51,0.16,2000,1880,268,204
10,52,0.16,2000,1868,324,252
10,53,0.16,2000,1853,336,246
10,54,0.16,2000,1885,312,244
10,55,0.16,2000,1868,300,219
10,56,0.16,2000,1900,300,233
10,57,0.16,2000,1893,296,225
10,58,0.16,2000,1876,356,275
10,59,0.16,2000,1897,316,251
11,0,0.0,2000,1950,0,0
11,1,0.0,2000,1952,0,0
11,2,0.0,2000,1946,0,0
11,3,0.0,2000,1940,0,0
11,4,0.0,2000,1945,0,0
11,5,0.0,2000,1944,0,0
11,6,0.0,2000,1947,0,0
11,7,0.0,2000,1961,0,0
11,8,0.0,2000,1960,0,0
11,9,0.0,2000,1958,0,0
11,10,0.008,2000,1957,8,5
11,11,0.008,2000,1949,12,9
11,12,0.008,2000,1928,20,12
11,13,0.008,2000,1938,20,13
11,14,0.008,2000,1950,16,14
11,15,0.008,2000,1939,20,16
11,16,0.008,2000,1939,20,13
11,17,0.008,2000,1954,16,11
11,18,0.008,2000,1945,20,17
11,19,0.008,2000,1938,4,3
11,20,0.008,2000,1951,8,6
11,21,0.008,2000,1953,8,5
11,22,0.008,2000,1940,24,13
11,23,0.008,2000,1932,16,11
11,24,0.008,2000,1945,36,23
11,25,0.008,2000,1949,12,11
11,26,0.008,2000,1957,4,3
11,27,0.008,2000,1945,12,9
11,28,0.008,2000,1920,28,20
11,29,0.008,2000,1940,20,11
11,30,0.008,2000,1950,32,25
11,31,0.008,2000,1943,12,9
11,32,0.008,2000,1936,16,11
11,33,0.008,2000,1942,12,10
11,34,0.008,2000,1952,20,16
11,35,0.008,2000,1941,28,23
11,36,0.008,2000,1953,12,10
11,37,0.008,2000,1941,20,17
11,38,0.008,2000,1929,20,8
11,39,0.008,2000,1934,8,6
11,40,0.0232,2000,1920,88,66
11,41,0.038400000000000004,2000,1935,36,29
11,42,0.053599999999999995,2000,1930,108,85
11,43,0.0688,2000,1910,120,92
11,44,0.08399999999999999,2000,1907,172,128
11,45,0.09919999999999998,2000,1913,188,144
11,46,0.1144,2000,1891,240,182
11,47,0.1296,2000,1887,256,202
11,48,0.1448,2000,1893,284,216
11,49,0.16,2000,1876,332,256
11,50,0.16,2000,1878,308,232
11,51,0.16,2000,1864,368,266
11,52,0.16,2000,1868,352,255
11,53,0.16,2000,1892,328,249
11,54,0.16,2000,1854,404,298
11,55,0.16,2000,1876,284,211
11,56,0.16,2000,1877,368,290
11,57,0.16,2000,1892,300,238
11,58,0.16,2000,1890,272,209
11,59,0.16,2000,1890,348,271
12,0,0.0,2000,1953,0,0
12,1,0.0,2000,1951,0,0
12,2,0.0,2000,1949,0,0
12,3,0.0,2000,1954,0,0
12,4,0.0,2000,1952,0,0
12,5,0.0,2000,1965,0,0
12,6,0.0,2000,1938,0,0
12,7,0.0,2000,1952,0,0
12,8,0.0,2000,1950,0,0
12,9,0.0,2000,1948,0,0
12,10,0.008,2000,1934,16,12
12,11,0.008,2000,1940,16,13
12,12,0.008,2000,1949,20,13
12,13,0.008,2000,1943,24,18
12,14,0.008,2000,1951,12,11
12,15,0.008,2000,1933,24,19
12,16,0.008,2000,1930,20,11
12,17,0.008,2000,1952,12,9
12,18,0.008,2000,1937,24,19
12,19,0.008,2000,1946,12,9
12,20,0.008,2000,1946,4,4
12,21,0.008,2000,1938,8,6
12,22,0.008,2000,1936,16,13
12,23,0.008,2000,1928,44,33
12,24,0.008,2000,1934,12,8
12,25,0.008,2000,1959,8,6
12,26,0.008,2000,1938,24,18
12,27,0.008,2000,1941,28,18
12,28,0.008,2000,1942,24,19
12,29,0.008,2000,1930,24,19
12,30,0.008,2000,1951,20,12
12,31,0.008,2000,1942,20,12
12,32,0.008,2000,1935,8,5
12,33,0.008,2000,1930,24,15
12,34,0.008,2000,1940,16,11
12,35,0.008,2000,1943,8,8
12,36,0.008,2000,1950,12,8
12,37,0.008,2000,1943,20,16
12,38,0.008,2000,1944,4,2
12,39,0.008,2000,1951,28,23
12,40,0.0232,2000,1937,40,34
12,41,0.038400000000000004,2000,1934,96,71
12,42,0.053599999999999995,2000,1939,104,85
12,43,0.0688,2000,1938,120,99
12,44,0.08399999999999999,2000,1899,188,145
12,45,0.09919999999999998,2000,1904,196,160
12,46,0.1144,2000,1918,192,153
12,47,0.1296,2000,1886,300,235
12,48,0.1448,2000,1876,324,253
12,49,0.16,2000,1864,368,274
12,50,0.16,2000,1871,376,290
12,51,0.16,2000,1868,324,248
12,52,0.16,2000,1898,336,263
12,53,0.16,2000,1872,372,289
12,54,0.16,2000,1879,276,204
12,55,0.16,2000,1884,340,257
12,56,0.16,2000,1876,328,254
12,57,0.16,2000,1852,372,280
12,58,0.16,2000,1871,344,267
12,59,0.16,2000,1880,308,229
13,0,0.0,2000,1942,0,0
13,1,0.0,2000,1944,0,0
13,2,0.0,2000,1954,0,0
13,3,0.0,2000,1938,0,0
13,4,0.0,2000,1946,0,0
13,5,0.0,2000,1947,0,0
13,6,0.0,2000,1938,0,0
13,7,0.0,2000,1942,0,0
13,8,0.0,2000,1932,0,0
13,9,0.0,2000,1954,0,0
13,10,0.008,2000,1951,4,3
13,11,0.008,2000,1944,20,18
13,12,0.008,2000,1936,28,24
13,13,0.008,2000,1957,8,5
13,14,0.008,2000,1940,28,22
13,15,0.008,2000,1949,20,17
13,16,0.008,2000,1946,20,17
13,17,0.008,2000,1949,12,11
13,18,0.008,2000,1943,12,10
13,19,0.008,2000,1939,4,2
13,20,0.008,2000,1941,8,4
13,21,0.008,2000,1953,16,13
13,22,0.008,2000,1952,8,7
13,23,0.008,2000,1943,24,20
13,24,0.008,2000,1940,16,10
13,25,0.008,2000,1948,8,7
13,26,0.008,2000,1927,16,10
13,27,0.008,2000,1952,12,9
13,28,0.008,2000,1952,32,26
13,29,0.008,2000,1950,12,10
13,30,0.008,2000,1935,4,2
13,31,0.008,2000,1947,16,14
13,32,0.008,2000,1951,20,15
13,33,0.008,2000,1933,24,17
13,34,0.008,2000,1942,16,14
13,35,0.008,2000,1942,20,17
13,36,0.008,2000,1945,8,7
13,37,0.008,2000,1943,4,4
13,38,0.008,2000,1947,28,22
13,39,0.008,2000,1947,20,18
13,40,0.0232,2000,1923,64,50
13,41,0.038400000000000004,2000,1935,72,50
13,42,0.053599999999999995,2000,1936,76,64
13,43,0.0688,2000,1925,104,76
13,44,0.08399999999999999,2000,1911,156,124
13,45,0.09919999999999998,2000,1913,172,127
13,46,0.1144,2000,1894,240,182
13,47,0.1296,2000,1887,216,152
13,48,0.1448,2000,1881,316,242
13,49,0.16,2000,1890,308,239
13,50,0.16,2000,1884,296,224
13,51,0.16,2000,1871,312,228
13,52,0.16,2000,1874,312,235
13,53,0.16,2000,1876,328,252
13,54,0.16,2000,1873,320,236
13,55,0.16,2000,1886,320,248
13,56,0.16,2000,1869,300,222
13,57,0.16,2000,1881,328,252
13,58,0.16,2000,1893,260,200
13,59,0.16,2000,1881,344,264
14,0,0.0,2000,1938,0,0
14,1,0.0,2000,1936,0,0
14,2,0.0,2000,1951,0,0
14,3,0.0,2000,1947,0,0
14,4,0.0,2000,1948,0,0
14,5,0.0,2000,1936,0,0
14,6,0.0,2000,1950,0,0
14,7,0.0,2000,1956,0,0
14,8,0.0,2000,1946,0,0
14,9,0.0,2000,1946,0,0
14,10,0.008,2000,1927,12,11
14,11,0.008,2000,1936,16,12
14,12,0.008,2000,1947,20,17
14,13,0.008,2000,1937,16,9
14,14,0.008,2000,1940,12,9
14,15,0.008,2000,1950,16,14
14,16,0.008,2000,1930,36,28
14,17,0.008,2000,1931,8,4
14,18,0.008,2000,1930,24,20
14,19,0.008,2000,1939,12,8
14,20,0.008,2000,1930,12,10
14,21,0.008,2000,1947,12,10
14,22,0.008,2000,1933,32,27
14,23,0.008,2000,1961,24,17
14,24,0.008,2000,1945,20,14
14,25,0.008,2000,1937,20,11
14,26,0.008,2000,1946,8,8
14,27,0.008,2000,1951,8,8
14,28,0.008,2000,1948,16,15
14,29,0.008,2000,1941,8,4
14,30,0.008,2000,1946,12,8
14,31,0.008,2000,1936,8,7
14,32,0.008,2000,1953,16,13
14,33,0.008,2000,1953,12,11
14,34,0.008,2000,1935,16,13
14,35,0.008,2000,1929,20,17
14,36,0.008,2000,1938,4,3
14,37,0.008,2000,1941,20,16
14,38,0.008,2000,1933,28,21
14,39,0.008,2000,1934,48,37
14,40,0.0232,2000,1943,72,57
14,41,0.038400000000000004,2000,1937,80,64
14,42,0.053599999999999995,2000,1916,112,80
14,43,0.0688,2000,1904,172,131
14,44,0.08399999999999999,2000,1912,176,136
14,45,0.09919999999999998,2000,1903,208,161
14,46,0.1144,2000,1876,228,159
14,47,0.1296,2000,1906,212,157
14,48,0.1448,2000,1893,268,213
14,49,0.16,2000,1893,312,246
14,50,0.16,2000,1884,400,311
14,51,0.16,2000,1890,336,270
14,52,0.16,2000,1888,356,281
14,53,0.16,2000,1878,340,265
14,54,0.16,2000,1857,328,227
14,55,0.16,2000,1856,352,260
14,56,0.16,2000,1879,308,233
14,57,0.16,2000,1864,364,280
14,58,0.16,2000,1891,320,255
14,59,0.16,2000,1878,316,235
15,0,0.0,2000,1930,0,0
15,1,0.0,2000,1934,0,0
15,2,0.0,2000,1946,0,0
15,3,0.0,2000,1939,0,0
15,4,0.0,2000,1936,0,0
15,5,0.0,2000,1942,0,0
15,6,0.0,2000,1958,0,0
15,7,0.0,2000,1940,0,0
15,8,0.0,2000,1952,0,0
15,9,0.0,2000,1956,0,0
15,10,0.008,2000,1944,0,0
15,11,0.008,2000,1953,8,6
15,12,0.008,2000,1941,16,14
15,13,0.008,2000,1944,4,2
15,14,0.008,2000,1937,32,23
15,15,0.008,2000,1954,12,10
15,16,0.008,2000,1943,28,23
15,17,0.008,2000,1945,16,13
15,18,0.008,2000,1940,20,18
15,19,0.008,2000,1946,16,10
15,20,0.008,2000,1937,12,8
15,21,0.008,2000,1945,20,16
15,22,0.008,2000,1936,24,15
15,23,0.008,2000,1941,20,15
15,24,0.008,2000,1956,12,10
15,25,0.008,2000,1942,24,19
15,26,0.008,2000,1940,16,13
15,27,0.008,2000,1930,20,15
15,28,0.008,2000,1942,16,12
15,29,0.008,2000,1939,16,12
15,30,0.008,2000,1948,8,6
15,31,0.008,2000,1929,16,10
15,32,0.008,2000,1943,28,19
15,33,0.008,2000,1949,16,11
15,34,0.008,2000,1941,20,16
15,35,0.008,2000,1957,12,9
15,36,0.008,2000,1934,12,9
15,37,0.008,2000,1942,20,17
15,38,0.008,2000,1955,12,10
15,39,0.008,2000,1947,12,9
15,40,0.0232,2000,1945,72,54
15,41,0.038400000000000004,2000,1898,104,79
15,42,0.053599999999999995,2000,1911,144,104
15,43,0.0688,2000,1908,148,117
15,44,0.08399999999999999,2000,1898,144,107
15,45,0.09919999999999998,2000,1905,212,165
15,46,0.1144,2000,1907,228,183
15,47,0.1296,2000,1916,244,194
15,48,0.1448,2000,1890,284,217
15,49,0.16,2000,1893,276,211
15,50,0.16,2000,1877,304,225
15,51,0.16,2000,1880,356,279
15,52,0.16,2000,1890,304,241
15,53,0.16,2000,1873,344,259
15,54,0.16,2000,1875,316,233
15,55,0.16,2000,1869,368,290
15,56,0.16,2000,1881,344,253
15,57,0.16,2000,1890,296,225
15,58,0.16,2000,1890,320,248
15,59,0.16,2000,1891,280,210
16,0,0.0,2000,1938,0,0
16,1,0.0,2000,1948,0,0
16,2,0.0,2000,1947,0,0
16,3,0.0,2000,1956,0,0
16,4,0.0,2000,1951,0,0
16,5,0.0,2000,1953,0,0
16,6,0.0,2000,1950,0,0
16,7,0.0,2000,1938,0,0
16,8,0.0,2000,1948,0,0
16,9,0.0,2000,1953,0,0
16,10,0.008,2000,1958,8,7
16,11,0.008,2000,1943,16,10
16,12,0.008,2000,1929,16,8
16,13,0.008,2000,1936,16,14
16,14,0.008,2000,1953,24,16
16,15,0.008,2000,1943,20,16
16,16,0.008,2000,1927,40,28
16,17,0.008,2000,1946,16,15
16,18,0.008,2000,1934,24,18
16,19,0.008,2000,1942,12,8
16,20,0.008,2000,1945,16,13
16,21,0.008,2000,1950,20,18
16,22,0.008,2000,1955,16,12
16,23,0.008,2000,1951,16,14
16,24,0.008,2000,1942,12,9
16,25,0.008,2000,1941,16,12
16,26,0.008,2000,1934,20,14
16,27,0.008,2000,1957,20,15
16,28,0.008,2000,1949,20,16
16,29,0.008,2000,1948,12,11
16,30,0.008,2000,1945,16,13
16,31,0.008,2000,1947,24,19
16,32,0.008,2000,1953,12,9
16,33,0.008,2000,1944,28,21
16,34,0.008,2000,1942,20,12
16,35,0.008,2000,1948,12,10
16,36,0.008,2000,1943,28,24
16,37,0.008,2000,1942,12,10
16,38,0.008,2000,1947,8,7
16,39,0.008,2000,1953,8,5
16,40,0.0232,2000,1926,48,35
16,41,0.038400000000000004,2000,1921,108,79
16,42,0.053599999999999995,2000,1918,104,72
16,43,0.0688,2000,1913,132,101
16,44,0.08399999999999999,2000,1920,180,144
16,45,0.09919999999999998,2000,1891,224,167
16,46,0.1144,2000,1877,276,206
16,47,0.1296,2000,1901,240,183
16,48,0.1448,2000,1873,308,223
16,49,0.16,2000,1893,320,249
16,50,0.16,2000,1888,316,243
16,51,0.16,2000,1891,292,222
16,52,0.16,2000,1859,400,307
16,53,0.16,2000,1892,296,237
16,54,0.16,2000,1873,276,199
16,55,0.16,2000,1868,340,262
16,56,0.16,2000,1862,364,270
16,57,0.16,2000,1882,396,312
16,58,0.16,2000,1880,372,288
16,59,0.16,2000,1874,316,250
17,0,0.0,2000,1954,0,0
17,1,0.0,2000,1944,0,0
17,2,0.0,2000,1944,0,0
17,3,0.0,2000,1955,0,0
17,4,0.0,2000,1947,0,0
17,5,0.0,2000,1947,0,0
17,6,0.0,2000,1952,0,0
17,7,0.0,2000,1938,0,0
17,8,0.0,2000,1933,0,0
17,9,0.0,2000,1930,0,0
17,10,0.008,2000,1939,12,7
17,11,0.008,2000,1940,24,18
17,12,0.008,2000,1933,16,11
17,13,0.008,2000,1933,20,14
17,14,0.008,2000,1934,8,8
17,15,0.008,2000,1953,20,18
17,16,0.008,2000,1943,20,14
17,17,0.008,2000,1947,8,6
17,18,0.008,2000,1937,28,19
17,19,0.008,2000,1943,16,13
17,20,0.008,2000,1938,20,12
17,21,0.008,2000,1954,20,19
17,22,0.008,2000,1932,12,8
17,23,0.008,2000,1924,16,12
17,24,0.008,2000,1941,28,22
17,25,0.008,2000,1941,16,11
17,26,0.008,2000,1942,12,10
17,27,0.008,2000,1953,16,12
17,28,0.008,2000,1954,12,8
17,29,0.008,2000,1951,8,7
17,30,0.008,2000,1956,16,15
17,31,0.008,2000,1938,36,33
17,32,0.008,2000,1941,12,8
17,33,0.008,2000,1943,24,19
17,34,0.008,2000,1944,8,6
17,35,0.008,2000,1939,16,14
17,36,0.008,2000,1945,8,6
17,37,0.008,2000,1939,24,18
17,38,0.008,2000,1939,8,6
17,39,0.008,2000,1950,12,11
17,40,0.0232,2000,1930,40,28
17,41,0.038400000000000004,2000,1939,76,58
17,42,0.053599999999999995,2000,1916,124,95
17,43,0.0688,2000,1903,176,134
17,44,0.08399999999999999,2000,1910,140,106
17,45,0.09919999999999998,2000,1912,164,131
17,46,0.1144,2000,1903,228,176
17,47,0.1296,2000,1899,268,211
17,48,0.1448,2000,1873,316,237
17,49,0.16,2000,1882,300,226
17,50,0.16,2000,1881,324,255
17,51,0.16,2000,1878,348,265
17,52,0.16,2000,1880,284,208
17,53,0.16,2000,1877,312,228
17,54,0.16,2000,1887,308,244
17,55,0.16,2000,1878,348,274
17,56,0.16,2000,1867,308,227
17,57,0.16,2000,1861,328,238
17,58,0.16,2000,1867,308,228
17,59,0.16,2000,1885,276,206
18,0,0.0,2000,1947,0,0
18,1,0.0,2000,1949,0,0
18,2,0.0,2000,1930,0,0
18,3,0.0,2000,1932,0,0
18,4,0.0,2000,1949,0,0
18,5,0.0,2000,1958,0,0
18,6,0.0,2000,1950,0,0
18,7,0.0,2000,1935,0,0
18,8,0.0,2000,1928,0,0
18,9,0.0,2000,1942,0,0
18,10,0.008,2000,1946,12,10
18,11,0.008,2000,1949,12,8
18,12,0.008,2000,1943,16,9
18,13,0.008,2000,1935,20,15
18,14,0.008,2000,1946,12,7
18,15,0.008,2000,1935,32,27
18,16,0.008,2000,1947,16,12
18,17,0.008,2000,1937,24,16
18,18,0.008,2000,1939,16,10
18,19,0.008,2000,1958,8,6
18,20,0.008,2000,1939,24,16
18,21,0.008,2000,1944,8,7
18,22,0.008,2000,1936,28,20
18,23,0.008,2000,1945,24,18
18,24,0.008,2000,1938,20,15
18,25,0.008,2000,1944,8,8
18,26,0.008,2000,1949,16,12
18,27,0.008,2000,1950,16,15
18,28,0.008,2000,1945,12,9
18,29,0.008,2000,1948,24,15
18,30,0.008,2000,1940,16,11
18,31,0.008,2000,1941,8,7
18,32,0.008,2000,1949,8,5
18,33,0.008,2000,1952,28,22
18,34,0.008,2000,1959,8,7
18,35,0.008,2000,1937,28,21
18,36,0.008,2000,1952,8,5
18,37,0.008,2000,1949,24,19
18,38,0.008,2000,1941,16,9
18,39,0.008,2000,1953,24,19
18,40,0.0232,2000,1940,48,34
18,41,0.038400000000000004,2000,1935,36,26
18,42,0.053599999999999995,2000,1922,92,69
18,43,0.0688,2000,1908,124,95
18,44,0.08399999999999999,2000,1914,144,115
18,45,0.09919999999999998,2000,1887,224,169
18,46,0.1144,2000,1881,284,214
18,47,0.1296,2000,1896,284,223
18,48,0.1448,2000,1881,284,223
18,49,0.16,2000,1887,348,275
18,50,0.16,2000,1866,336,242
18,51,0.16,2000,1879,344,267
18,52,0.16,2000,1882,256,181
18,53,0.16,2000,1888,312,237
18,54,0.16,2000,1889,284,212
18,55,0.16,2000,1881,280,205
18,56,0.16,2000,1867,324,245
18,57,0.16,2000,1882,356,277
18,58,0.16,2000,1896,284,227
18,59,0.16,2000,1879,320,237
19,0,0.0,2000,1952,0,0
19,1,0.0,2000,1957,0,0
19,2,0.0,2000,1940,0,0
19,3,0.0,2000,1956,0,0
19,4,0.0,2000,1944,0,0
19,5,0.0,2000,1962,0,0
19,6,0.0,2000,1935,0,0
19,7,0.0,2000,1940,0,0
19,8,0.0,2000,1958,0,0
19,9,0.0,2000,1949,0,0
19,10,0.008,2000,1939,20,18
19,11,0.008,2000,1947,8,6
19,12,0.008,2000,1940,20,15
19,13,0.008,2000,1949,16,12
19,14,0.008,2000,1946,28,20
19,15,0.008,2000,1956,20,17
19,16,0.008,2000,1950,8,4
19,17,0.008,2000,1940,8,7
19,18,0.008,2000,1938,12,7
19,19,0.008,2000,1948,16,13
19,20,0.008,2000,1941,20,11
19,21,0.008,2000,1946,20,17
19,22,0.008,2000,1940,12,7
19,23,0.008,2000,1936,4,2
19,24,0.008,2000,1940,16,16
19,25,0.008,2000,1951,8,7
19,26,0.008,2000,1953,12,10
19,27,0.008,2000,1947,24,17
19,28,0.008,2000,1954,4,4
19,29,0.008,2000,1939,8,7
19,30,0.008,2000,1955,12,10
19,31,0.008,2000,1944,4,3
19,32,0.008,2000,1939,32,24
19,33,0.008,2000,1949,32,23
19,34,0.008,2000,1945,16,14
19,35,0.008,2000,1935,28,23
19,36,0.008,2000,1948,16,12
19,37,0.008,2000,1944,12,7
19,38,0.008,2000,1934,12,5
19,39,0.008,2000,1951,8,7
19,40,0.0232,2000,1927,40,30
19,41,0.038400000000000004,2000,1926,100,74
19,42,0.053599999999999995,2000,1910,120,85
19,43,0.0688,2000,1932,116,88
19,44,0.08399999999999999,2000,1914,176,135
19,45,0.09919999999999998,2000,1893,208,154
19,46,0.1144,2000,1908,204,157
19,47,0.1296,2000,1904,208,160
19,48,0.1448,2000,1895,276,213
19,49,0.16,2000,1877,324,249
19,50,0.16,2000,1888,320,251
19,51,0.16,2000,1875,356,270
19,52,0.16,2000,1889,336,267
19,53,0.16,2000,1875,312,235
19,54,0.16,2000,1870,324,245
19,55,0.16,2000,1886,260,194
19,56,0.16,2000,1894,236,185
19,57,0.16,2000,1861,320,239
19,58,0.16,2000,1878,344,268
19,59,0.16,2000,1873,356,273
