run,bug,replies,flagged,flagged_translation_probes,flagged_other_probes,passed,flagged_but_passed
0,off,10000,199,199,0,9744,0
0,on,10000,659,199,460,9713,417
1,off,10000,198,198,0,9751,0
1,on,10000,648,198,450,9724,407
2,off,10000,196,196,0,9700,0
2,on,10000,606,196,410,9670,371
3,off,10000,200,200,0,9761,0
3,on,10000,627,200,427,9729,383
4,off,10000,200,200,0,9722,0
4,on,10000,618,200,418,9695,380
5,off,10000,200,200,0,9748,0
5,on,10000,649,200,449,9717,410
6,off,10000,199,199,0,9723,0
6,on,10000,679,199,480,9698,436
7,off,10000,195,195,0,9719,0
7,on,10000,656,195,461,9688,421
8,off,10000,199,199,0,9746,0
8,on,10000,626,199,427,9717,388
9,off,10000,196,196,0,9728,0
9,on,10000,597,196,401,9699,360
10,off,10000,199,199,0,9714,0
10,on,10000,636,199,437,9696,407
11,off,10000,198,198,0,9705,0
11,on,10000,628,198,430,9676,377
12,off,10000,200,200,0,9725,0
12,on,10000,629,200,429,9696,385
13,off,10000,199,199,0,9711,0
13,on,10000,629,199,430,9673,383
14,off,10000,197,197,0,9716,0
14,on,10000,652,197,455,9692,414
15,off,10000,195,195,0,9720,0
15,on,10000,644,195,449,9683,398
16,off,10000,199,199,0,9736,0
16,on,10000,668,199,469,9704,422
17,off,10000,198,198,0,9735,0
17,on,10000,625,198,427,9712,393
18,off,10000,196,196,0,9740,0
18,on,10000,675,196,479,9707,432
19,off,10000,196,196,0,9736,0
19,on,10000,652,196,456,9705,413
