run,model,removed_line,suite,passed,total
0,model-1,(none: the full prompt),known_answer,3907,4000
0,model-1,(none: the full prompt),wrong_premise,1857,2000
0,model-1,(none: the full prompt),multi_step,869,1000
0,model-1,You are a coding assistant.,known_answer,3884,4000
0,model-1,You are a coding assistant.,wrong_premise,1822,2000
0,model-1,You are a coding assistant.,multi_step,864,1000
0,model-1,"Prefer small, reviewable changes.",known_answer,3897,4000
0,model-1,"Prefer small, reviewable changes.",wrong_premise,1843,2000
0,model-1,"Prefer small, reviewable changes.",multi_step,870,1000
0,model-1,Run the tests before you report success.,known_answer,3902,4000
0,model-1,Run the tests before you report success.,wrong_premise,1832,2000
0,model-1,Run the tests before you report success.,multi_step,858,1000
0,model-1,Keep text between tool calls to 25 words or fewer.,known_answer,3908,4000
0,model-1,Keep text between tool calls to 25 words or fewer.,wrong_premise,1834,2000
0,model-1,Keep text between tool calls to 25 words or fewer.,multi_step,980,1000
0,model-1,Never invent file paths.,known_answer,3889,4000
0,model-1,Never invent file paths.,wrong_premise,1817,2000
0,model-1,Never invent file paths.,multi_step,869,1000
0,model-1,Ask before deleting files.,known_answer,3879,4000
0,model-1,Ask before deleting files.,wrong_premise,1842,2000
0,model-1,Ask before deleting files.,multi_step,858,1000
0,model-2,(none: the full prompt),known_answer,3949,4000
0,model-2,(none: the full prompt),wrong_premise,1822,2000
0,model-2,(none: the full prompt),multi_step,876,1000
0,model-2,You are a coding assistant.,known_answer,3958,4000
0,model-2,You are a coding assistant.,wrong_premise,1845,2000
0,model-2,You are a coding assistant.,multi_step,875,1000
0,model-2,"Prefer small, reviewable changes.",known_answer,3950,4000
0,model-2,"Prefer small, reviewable changes.",wrong_premise,1863,2000
0,model-2,"Prefer small, reviewable changes.",multi_step,884,1000
0,model-2,Run the tests before you report success.,known_answer,3949,4000
0,model-2,Run the tests before you report success.,wrong_premise,1860,2000
0,model-2,Run the tests before you report success.,multi_step,885,1000
0,model-2,Keep text between tool calls to 25 words or fewer.,known_answer,3941,4000
0,model-2,Keep text between tool calls to 25 words or fewer.,wrong_premise,1860,2000
0,model-2,Keep text between tool calls to 25 words or fewer.,multi_step,983,1000
0,model-2,Never invent file paths.,known_answer,3928,4000
0,model-2,Never invent file paths.,wrong_premise,1845,2000
0,model-2,Never invent file paths.,multi_step,876,1000
0,model-2,Ask before deleting files.,known_answer,3950,4000
0,model-2,Ask before deleting files.,wrong_premise,1850,2000
0,model-2,Ask before deleting files.,multi_step,875,1000
1,model-1,(none: the full prompt),known_answer,3881,4000
1,model-1,(none: the full prompt),wrong_premise,1839,2000
1,model-1,(none: the full prompt),multi_step,875,1000
1,model-1,You are a coding assistant.,known_answer,3893,4000
1,model-1,You are a coding assistant.,wrong_premise,1839,2000
1,model-1,You are a coding assistant.,multi_step,876,1000
1,model-1,"Prefer small, reviewable changes.",known_answer,3918,4000
1,model-1,"Prefer small, reviewable changes.",wrong_premise,1810,2000
1,model-1,"Prefer small, reviewable changes.",multi_step,875,1000
1,model-1,Run the tests before you report success.,known_answer,3884,4000
1,model-1,Run the tests before you report success.,wrong_premise,1851,2000
1,model-1,Run the tests before you report success.,multi_step,881,1000
1,model-1,Keep text between tool calls to 25 words or fewer.,known_answer,3899,4000
1,model-1,Keep text between tool calls to 25 words or fewer.,wrong_premise,1849,2000
1,model-1,Keep text between tool calls to 25 words or fewer.,multi_step,968,1000
1,model-1,Never invent file paths.,known_answer,3901,4000
1,model-1,Never invent file paths.,wrong_premise,1851,2000
1,model-1,Never invent file paths.,multi_step,883,1000
1,model-1,Ask before deleting files.,known_answer,3889,4000
1,model-1,Ask before deleting files.,wrong_premise,1837,2000
1,model-1,Ask before deleting files.,multi_step,878,1000
1,model-2,(none: the full prompt),known_answer,3939,4000
1,model-2,(none: the full prompt),wrong_premise,1875,2000
1,model-2,(none: the full prompt),multi_step,887,1000
1,model-2,You are a coding assistant.,known_answer,3945,4000
1,model-2,You are a coding assistant.,wrong_premise,1859,2000
1,model-2,You are a coding assistant.,multi_step,898,1000
1,model-2,"Prefer small, reviewable changes.",known_answer,3936,4000
1,model-2,"Prefer small, reviewable changes.",wrong_premise,1859,2000
1,model-2,"Prefer small, reviewable changes.",multi_step,888,1000
1,model-2,Run the tests before you report success.,known_answer,3955,4000
1,model-2,Run the tests before you report success.,wrong_premise,1855,2000
1,model-2,Run the tests before you report success.,multi_step,899,1000
1,model-2,Keep text between tool calls to 25 words or fewer.,known_answer,3950,4000
1,model-2,Keep text between tool calls to 25 words or fewer.,wrong_premise,1856,2000
1,model-2,Keep text between tool calls to 25 words or fewer.,multi_step,983,1000
1,model-2,Never invent file paths.,known_answer,3948,4000
1,model-2,Never invent file paths.,wrong_premise,1847,2000
1,model-2,Never invent file paths.,multi_step,886,1000
1,model-2,Ask before deleting files.,known_answer,3941,4000
1,model-2,Ask before deleting files.,wrong_premise,1861,2000
1,model-2,Ask before deleting files.,multi_step,894,1000
2,model-1,(none: the full prompt),known_answer,3896,4000
2,model-1,(none: the full prompt),wrong_premise,1855,2000
2,model-1,(none: the full prompt),multi_step,863,1000
2,model-1,You are a coding assistant.,known_answer,3899,4000
2,model-1,You are a coding assistant.,wrong_premise,1854,2000
2,model-1,You are a coding assistant.,multi_step,865,1000
2,model-1,"Prefer small, reviewable changes.",known_answer,3901,4000
2,model-1,"Prefer small, reviewable changes.",wrong_premise,1830,2000
2,model-1,"Prefer small, reviewable changes.",multi_step,869,1000
2,model-1,Run the tests before you report success.,known_answer,3893,4000
2,model-1,Run the tests before you report success.,wrong_premise,1830,2000
2,model-1,Run the tests before you report success.,multi_step,864,1000
2,model-1,Keep text between tool calls to 25 words or fewer.,known_answer,3876,4000
2,model-1,Keep text between tool calls to 25 words or fewer.,wrong_premise,1839,2000
2,model-1,Keep text between tool calls to 25 words or fewer.,multi_step,975,1000
2,model-1,Never invent file paths.,known_answer,3896,4000
2,model-1,Never invent file paths.,wrong_premise,1840,2000
2,model-1,Never invent file paths.,multi_step,860,1000
2,model-1,Ask before deleting files.,known_answer,3901,4000
2,model-1,Ask before deleting files.,wrong_premise,1839,2000
2,model-1,Ask before deleting files.,multi_step,858,1000
2,model-2,(none: the full prompt),known_answer,3926,4000
2,model-2,(none: the full prompt),wrong_premise,1846,2000
2,model-2,(none: the full prompt),multi_step,876,1000
2,model-2,You are a coding assistant.,known_answer,3948,4000
2,model-2,You are a coding assistant.,wrong_premise,1867,2000
2,model-2,You are a coding assistant.,multi_step,881,1000
2,model-2,"Prefer small, reviewable changes.",known_answer,3934,4000
2,model-2,"Prefer small, reviewable changes.",wrong_premise,1855,2000
2,model-2,"Prefer small, reviewable changes.",multi_step,875,1000
2,model-2,Run the tests before you report success.,known_answer,3937,4000
2,model-2,Run the tests before you report success.,wrong_premise,1841,2000
2,model-2,Run the tests before you report success.,multi_step,872,1000
2,model-2,Keep text between tool calls to 25 words or fewer.,known_answer,3947,4000
2,model-2,Keep text between tool calls to 25 words or fewer.,wrong_premise,1834,2000
2,model-2,Keep text between tool calls to 25 words or fewer.,multi_step,986,1000
2,model-2,Never invent file paths.,known_answer,3940,4000
2,model-2,Never invent file paths.,wrong_premise,1851,2000
2,model-2,Never invent file paths.,multi_step,876,1000
2,model-2,Ask before deleting files.,known_answer,3948,4000
2,model-2,Ask before deleting files.,wrong_premise,1816,2000
2,model-2,Ask before deleting files.,multi_step,880,1000
3,model-1,(none: the full prompt),known_answer,3898,4000
3,model-1,(none: the full prompt),wrong_premise,1829,2000
3,model-1,(none: the full prompt),multi_step,847,1000
3,model-1,You are a coding assistant.,known_answer,3891,4000
3,model-1,You are a coding assistant.,wrong_premise,1842,2000
3,model-1,You are a coding assistant.,multi_step,850,1000
3,model-1,"Prefer small, reviewable changes.",known_answer,3894,4000
3,model-1,"Prefer small, reviewable changes.",wrong_premise,1821,2000
3,model-1,"Prefer small, reviewable changes.",multi_step,848,1000
3,model-1,Run the tests before you report success.,known_answer,3890,4000
3,model-1,Run the tests before you report success.,wrong_premise,1835,2000
3,model-1,Run the tests before you report success.,multi_step,845,1000
3,model-1,Keep text between tool calls to 25 words or fewer.,known_answer,3906,4000
3,model-1,Keep text between tool calls to 25 words or fewer.,wrong_premise,1828,2000
3,model-1,Keep text between tool calls to 25 words or fewer.,multi_step,978,1000
3,model-1,Never invent file paths.,known_answer,3894,4000
3,model-1,Never invent file paths.,wrong_premise,1830,2000
3,model-1,Never invent file paths.,multi_step,846,1000
3,model-1,Ask before deleting files.,known_answer,3908,4000
3,model-1,Ask before deleting files.,wrong_premise,1844,2000
3,model-1,Ask before deleting files.,multi_step,851,1000
3,model-2,(none: the full prompt),known_answer,3945,4000
3,model-2,(none: the full prompt),wrong_premise,1857,2000
3,model-2,(none: the full prompt),multi_step,861,1000
3,model-2,You are a coding assistant.,known_answer,3939,4000
3,model-2,You are a coding assistant.,wrong_premise,1841,2000
3,model-2,You are a coding assistant.,multi_step,864,1000
3,model-2,"Prefer small, reviewable changes.",known_answer,3943,4000
3,model-2,"Prefer small, reviewable changes.",wrong_premise,1839,2000
3,model-2,"Prefer small, reviewable changes.",multi_step,860,1000
3,model-2,Run the tests before you report success.,known_answer,3956,4000
3,model-2,Run the tests before you report success.,wrong_premise,1865,2000
3,model-2,Run the tests before you report success.,multi_step,856,1000
3,model-2,Keep text between tool calls to 25 words or fewer.,known_answer,3942,4000
3,model-2,Keep text between tool calls to 25 words or fewer.,wrong_premise,1852,2000
3,model-2,Keep text between tool calls to 25 words or fewer.,multi_step,983,1000
3,model-2,Never invent file paths.,known_answer,3930,4000
3,model-2,Never invent file paths.,wrong_premise,1848,2000
3,model-2,Never invent file paths.,multi_step,851,1000
3,model-2,Ask before deleting files.,known_answer,3949,4000
3,model-2,Ask before deleting files.,wrong_premise,1847,2000
3,model-2,Ask before deleting files.,multi_step,856,1000
4,model-1,(none: the full prompt),known_answer,3906,4000
4,model-1,(none: the full prompt),wrong_premise,1844,2000
4,model-1,(none: the full prompt),multi_step,855,1000
4,model-1,You are a coding assistant.,known_answer,3882,4000
4,model-1,You are a coding assistant.,wrong_premise,1839,2000
4,model-1,You are a coding assistant.,multi_step,857,1000
4,model-1,"Prefer small, reviewable changes.",known_answer,3903,4000
4,model-1,"Prefer small, reviewable changes.",wrong_premise,1856,2000
4,model-1,"Prefer small, reviewable changes.",multi_step,857,1000
4,model-1,Run the tests before you report success.,known_answer,3875,4000
4,model-1,Run the tests before you report success.,wrong_premise,1855,2000
4,model-1,Run the tests before you report success.,multi_step,852,1000
4,model-1,Keep text between tool calls to 25 words or fewer.,known_answer,3887,4000
4,model-1,Keep text between tool calls to 25 words or fewer.,wrong_premise,1834,2000
4,model-1,Keep text between tool calls to 25 words or fewer.,multi_step,980,1000
4,model-1,Never invent file paths.,known_answer,3892,4000
4,model-1,Never invent file paths.,wrong_premise,1833,2000
4,model-1,Never invent file paths.,multi_step,862,1000
4,model-1,Ask before deleting files.,known_answer,3887,4000
4,model-1,Ask before deleting files.,wrong_premise,1810,2000
4,model-1,Ask before deleting files.,multi_step,863,1000
4,model-2,(none: the full prompt),known_answer,3924,4000
4,model-2,(none: the full prompt),wrong_premise,1863,2000
4,model-2,(none: the full prompt),multi_step,869,1000
4,model-2,You are a coding assistant.,known_answer,3945,4000
4,model-2,You are a coding assistant.,wrong_premise,1836,2000
4,model-2,You are a coding assistant.,multi_step,872,1000
4,model-2,"Prefer small, reviewable changes.",known_answer,3962,4000
4,model-2,"Prefer small, reviewable changes.",wrong_premise,1852,2000
4,model-2,"Prefer small, reviewable changes.",multi_step,869,1000
4,model-2,Run the tests before you report success.,known_answer,3952,4000
4,model-2,Run the tests before you report success.,wrong_premise,1843,2000
4,model-2,Run the tests before you report success.,multi_step,870,1000
4,model-2,Keep text between tool calls to 25 words or fewer.,known_answer,3942,4000
4,model-2,Keep text between tool calls to 25 words or fewer.,wrong_premise,1855,2000
4,model-2,Keep text between tool calls to 25 words or fewer.,multi_step,984,1000
4,model-2,Never invent file paths.,known_answer,3937,4000
4,model-2,Never invent file paths.,wrong_premise,1834,2000
4,model-2,Never invent file paths.,multi_step,873,1000
4,model-2,Ask before deleting files.,known_answer,3934,4000
4,model-2,Ask before deleting files.,wrong_premise,1861,2000
4,model-2,Ask before deleting files.,multi_step,871,1000
5,model-1,(none: the full prompt),known_answer,3896,4000
5,model-1,(none: the full prompt),wrong_premise,1844,2000
5,model-1,(none: the full prompt),multi_step,866,1000
5,model-1,You are a coding assistant.,known_answer,3914,4000
5,model-1,You are a coding assistant.,wrong_premise,1832,2000
5,model-1,You are a coding assistant.,multi_step,860,1000
5,model-1,"Prefer small, reviewable changes.",known_answer,3893,4000
5,model-1,"Prefer small, reviewable changes.",wrong_premise,1844,2000
5,model-1,"Prefer small, reviewable changes.",multi_step,857,1000
5,model-1,Run the tests before you report success.,known_answer,3888,4000
5,model-1,Run the tests before you report success.,wrong_premise,1822,2000
5,model-1,Run the tests before you report success.,multi_step,857,1000
5,model-1,Keep text between tool calls to 25 words or fewer.,known_answer,3902,4000
5,model-1,Keep text between tool calls to 25 words or fewer.,wrong_premise,1825,2000
5,model-1,Keep text between tool calls to 25 words or fewer.,multi_step,974,1000
5,model-1,Never invent file paths.,known_answer,3910,4000
5,model-1,Never invent file paths.,wrong_premise,1860,2000
5,model-1,Never invent file paths.,multi_step,852,1000
5,model-1,Ask before deleting files.,known_answer,3892,4000
5,model-1,Ask before deleting files.,wrong_premise,1836,2000
5,model-1,Ask before deleting files.,multi_step,850,1000
5,model-2,(none: the full prompt),known_answer,3948,4000
5,model-2,(none: the full prompt),wrong_premise,1849,2000
5,model-2,(none: the full prompt),multi_step,867,1000
5,model-2,You are a coding assistant.,known_answer,3954,4000
5,model-2,You are a coding assistant.,wrong_premise,1842,2000
5,model-2,You are a coding assistant.,multi_step,868,1000
5,model-2,"Prefer small, reviewable changes.",known_answer,3950,4000
5,model-2,"Prefer small, reviewable changes.",wrong_premise,1850,2000
5,model-2,"Prefer small, reviewable changes.",multi_step,873,1000
5,model-2,Run the tests before you report success.,known_answer,3941,4000
5,model-2,Run the tests before you report success.,wrong_premise,1858,2000
5,model-2,Run the tests before you report success.,multi_step,868,1000
5,model-2,Keep text between tool calls to 25 words or fewer.,known_answer,3951,4000
5,model-2,Keep text between tool calls to 25 words or fewer.,wrong_premise,1852,2000
5,model-2,Keep text between tool calls to 25 words or fewer.,multi_step,981,1000
5,model-2,Never invent file paths.,known_answer,3927,4000
5,model-2,Never invent file paths.,wrong_premise,1852,2000
5,model-2,Never invent file paths.,multi_step,862,1000
5,model-2,Ask before deleting files.,known_answer,3943,4000
5,model-2,Ask before deleting files.,wrong_premise,1854,2000
5,model-2,Ask before deleting files.,multi_step,869,1000
6,model-1,(none: the full prompt),known_answer,3887,4000
6,model-1,(none: the full prompt),wrong_premise,1817,2000
6,model-1,(none: the full prompt),multi_step,860,1000
6,model-1,You are a coding assistant.,known_answer,3872,4000
6,model-1,You are a coding assistant.,wrong_premise,1857,2000
6,model-1,You are a coding assistant.,multi_step,854,1000
6,model-1,"Prefer small, reviewable changes.",known_answer,3874,4000
6,model-1,"Prefer small, reviewable changes.",wrong_premise,1837,2000
6,model-1,"Prefer small, reviewable changes.",multi_step,857,1000
6,model-1,Run the tests before you report success.,known_answer,3890,4000
6,model-1,Run the tests before you report success.,wrong_premise,1853,2000
6,model-1,Run the tests before you report success.,multi_step,844,1000
6,model-1,Keep text between tool calls to 25 words or fewer.,known_answer,3899,4000
6,model-1,Keep text between tool calls to 25 words or fewer.,wrong_premise,1849,2000
6,model-1,Keep text between tool calls to 25 words or fewer.,multi_step,972,1000
6,model-1,Never invent file paths.,known_answer,3882,4000
6,model-1,Never invent file paths.,wrong_premise,1832,2000
6,model-1,Never invent file paths.,multi_step,856,1000
6,model-1,Ask before deleting files.,known_answer,3887,4000
6,model-1,Ask before deleting files.,wrong_premise,1841,2000
6,model-1,Ask before deleting files.,multi_step,862,1000
6,model-2,(none: the full prompt),known_answer,3946,4000
6,model-2,(none: the full prompt),wrong_premise,1829,2000
6,model-2,(none: the full prompt),multi_step,868,1000
6,model-2,You are a coding assistant.,known_answer,3950,4000
6,model-2,You are a coding assistant.,wrong_premise,1849,2000
6,model-2,You are a coding assistant.,multi_step,863,1000
6,model-2,"Prefer small, reviewable changes.",known_answer,3958,4000
6,model-2,"Prefer small, reviewable changes.",wrong_premise,1847,2000
6,model-2,"Prefer small, reviewable changes.",multi_step,873,1000
6,model-2,Run the tests before you report success.,known_answer,3954,4000
6,model-2,Run the tests before you report success.,wrong_premise,1829,2000
6,model-2,Run the tests before you report success.,multi_step,873,1000
6,model-2,Keep text between tool calls to 25 words or fewer.,known_answer,3945,4000
6,model-2,Keep text between tool calls to 25 words or fewer.,wrong_premise,1836,2000
6,model-2,Keep text between tool calls to 25 words or fewer.,multi_step,985,1000
6,model-2,Never invent file paths.,known_answer,3953,4000
6,model-2,Never invent file paths.,wrong_premise,1855,2000
6,model-2,Never invent file paths.,multi_step,867,1000
6,model-2,Ask before deleting files.,known_answer,3937,4000
6,model-2,Ask before deleting files.,wrong_premise,1849,2000
6,model-2,Ask before deleting files.,multi_step,867,1000
7,model-1,(none: the full prompt),known_answer,3891,4000
7,model-1,(none: the full prompt),wrong_premise,1834,2000
7,model-1,(none: the full prompt),multi_step,831,1000
7,model-1,You are a coding assistant.,known_answer,3906,4000
7,model-1,You are a coding assistant.,wrong_premise,1840,2000
7,model-1,You are a coding assistant.,multi_step,827,1000
7,model-1,"Prefer small, reviewable changes.",known_answer,3886,4000
7,model-1,"Prefer small, reviewable changes.",wrong_premise,1828,2000
7,model-1,"Prefer small, reviewable changes.",multi_step,843,1000
7,model-1,Run the tests before you report success.,known_answer,3889,4000
7,model-1,Run the tests before you report success.,wrong_premise,1849,2000
7,model-1,Run the tests before you report success.,multi_step,839,1000
7,model-1,Keep text between tool calls to 25 words or fewer.,known_answer,3889,4000
7,model-1,Keep text between tool calls to 25 words or fewer.,wrong_premise,1828,2000
7,model-1,Keep text between tool calls to 25 words or fewer.,multi_step,974,1000
7,model-1,Never invent file paths.,known_answer,3895,4000
7,model-1,Never invent file paths.,wrong_premise,1834,2000
7,model-1,Never invent file paths.,multi_step,832,1000
7,model-1,Ask before deleting files.,known_answer,3887,4000
7,model-1,Ask before deleting files.,wrong_premise,1836,2000
7,model-1,Ask before deleting files.,multi_step,837,1000
7,model-2,(none: the full prompt),known_answer,3945,4000
7,model-2,(none: the full prompt),wrong_premise,1857,2000
7,model-2,(none: the full prompt),multi_step,851,1000
7,model-2,You are a coding assistant.,known_answer,3929,4000
7,model-2,You are a coding assistant.,wrong_premise,1855,2000
7,model-2,You are a coding assistant.,multi_step,853,1000
7,model-2,"Prefer small, reviewable changes.",known_answer,3937,4000
7,model-2,"Prefer small, reviewable changes.",wrong_premise,1852,2000
7,model-2,"Prefer small, reviewable changes.",multi_step,851,1000
7,model-2,Run the tests before you report success.,known_answer,3944,4000
7,model-2,Run the tests before you report success.,wrong_premise,1843,2000
7,model-2,Run the tests before you report success.,multi_step,842,1000
7,model-2,Keep text between tool calls to 25 words or fewer.,known_answer,3944,4000
7,model-2,Keep text between tool calls to 25 words or fewer.,wrong_premise,1854,2000
7,model-2,Keep text between tool calls to 25 words or fewer.,multi_step,978,1000
7,model-2,Never invent file paths.,known_answer,3947,4000
7,model-2,Never invent file paths.,wrong_premise,1849,2000
7,model-2,Never invent file paths.,multi_step,852,1000
7,model-2,Ask before deleting files.,known_answer,3956,4000
7,model-2,Ask before deleting files.,wrong_premise,1839,2000
7,model-2,Ask before deleting files.,multi_step,849,1000
8,model-1,(none: the full prompt),known_answer,3897,4000
8,model-1,(none: the full prompt),wrong_premise,1817,2000
8,model-1,(none: the full prompt),multi_step,869,1000
8,model-1,You are a coding assistant.,known_answer,3903,4000
8,model-1,You are a coding assistant.,wrong_premise,1847,2000
8,model-1,You are a coding assistant.,multi_step,857,1000
8,model-1,"Prefer small, reviewable changes.",known_answer,3893,4000
8,model-1,"Prefer small, reviewable changes.",wrong_premise,1855,2000
8,model-1,"Prefer small, reviewable changes.",multi_step,869,1000
8,model-1,Run the tests before you report success.,known_answer,3897,4000
8,model-1,Run the tests before you report success.,wrong_premise,1836,2000
8,model-1,Run the tests before you report success.,multi_step,863,1000
8,model-1,Keep text between tool calls to 25 words or fewer.,known_answer,3893,4000
8,model-1,Keep text between tool calls to 25 words or fewer.,wrong_premise,1838,2000
8,model-1,Keep text between tool calls to 25 words or fewer.,multi_step,976,1000
8,model-1,Never invent file paths.,known_answer,3893,4000
8,model-1,Never invent file paths.,wrong_premise,1834,2000
8,model-1,Never invent file paths.,multi_step,868,1000
8,model-1,Ask before deleting files.,known_answer,3891,4000
8,model-1,Ask before deleting files.,wrong_premise,1817,2000
8,model-1,Ask before deleting files.,multi_step,865,1000
8,model-2,(none: the full prompt),known_answer,3936,4000
8,model-2,(none: the full prompt),wrong_premise,1860,2000
8,model-2,(none: the full prompt),multi_step,884,1000
8,model-2,You are a coding assistant.,known_answer,3938,4000
8,model-2,You are a coding assistant.,wrong_premise,1873,2000
8,model-2,You are a coding assistant.,multi_step,883,1000
8,model-2,"Prefer small, reviewable changes.",known_answer,3951,4000
8,model-2,"Prefer small, reviewable changes.",wrong_premise,1864,2000
8,model-2,"Prefer small, reviewable changes.",multi_step,880,1000
8,model-2,Run the tests before you report success.,known_answer,3955,4000
8,model-2,Run the tests before you report success.,wrong_premise,1863,2000
8,model-2,Run the tests before you report success.,multi_step,883,1000
8,model-2,Keep text between tool calls to 25 words or fewer.,known_answer,3941,4000
8,model-2,Keep text between tool calls to 25 words or fewer.,wrong_premise,1846,2000
8,model-2,Keep text between tool calls to 25 words or fewer.,multi_step,987,1000
8,model-2,Never invent file paths.,known_answer,3942,4000
8,model-2,Never invent file paths.,wrong_premise,1851,2000
8,model-2,Never invent file paths.,multi_step,877,1000
8,model-2,Ask before deleting files.,known_answer,3957,4000
8,model-2,Ask before deleting files.,wrong_premise,1832,2000
8,model-2,Ask before deleting files.,multi_step,880,1000
9,model-1,(none: the full prompt),known_answer,3907,4000
9,model-1,(none: the full prompt),wrong_premise,1828,2000
9,model-1,(none: the full prompt),multi_step,862,1000
9,model-1,You are a coding assistant.,known_answer,3896,4000
9,model-1,You are a coding assistant.,wrong_premise,1830,2000
9,model-1,You are a coding assistant.,multi_step,869,1000
9,model-1,"Prefer small, reviewable changes.",known_answer,3901,4000
9,model-1,"Prefer small, reviewable changes.",wrong_premise,1826,2000
9,model-1,"Prefer small, reviewable changes.",multi_step,867,1000
9,model-1,Run the tests before you report success.,known_answer,3885,4000
9,model-1,Run the tests before you report success.,wrong_premise,1860,2000
9,model-1,Run the tests before you report success.,multi_step,865,1000
9,model-1,Keep text between tool calls to 25 words or fewer.,known_answer,3892,4000
9,model-1,Keep text between tool calls to 25 words or fewer.,wrong_premise,1817,2000
9,model-1,Keep text between tool calls to 25 words or fewer.,multi_step,960,1000
9,model-1,Never invent file paths.,known_answer,3882,4000
9,model-1,Never invent file paths.,wrong_premise,1856,2000
9,model-1,Never invent file paths.,multi_step,855,1000
9,model-1,Ask before deleting files.,known_answer,3898,4000
9,model-1,Ask before deleting files.,wrong_premise,1837,2000
9,model-1,Ask before deleting files.,multi_step,860,1000
9,model-2,(none: the full prompt),known_answer,3957,4000
9,model-2,(none: the full prompt),wrong_premise,1851,2000
9,model-2,(none: the full prompt),multi_step,880,1000
9,model-2,You are a coding assistant.,known_answer,3954,4000
9,model-2,You are a coding assistant.,wrong_premise,1844,2000
9,model-2,You are a coding assistant.,multi_step,872,1000
9,model-2,"Prefer small, reviewable changes.",known_answer,3954,4000
9,model-2,"Prefer small, reviewable changes.",wrong_premise,1845,2000
9,model-2,"Prefer small, reviewable changes.",multi_step,867,1000
9,model-2,Run the tests before you report success.,known_answer,3940,4000
9,model-2,Run the tests before you report success.,wrong_premise,1867,2000
9,model-2,Run the tests before you report success.,multi_step,878,1000
9,model-2,Keep text between tool calls to 25 words or fewer.,known_answer,3945,4000
9,model-2,Keep text between tool calls to 25 words or fewer.,wrong_premise,1864,2000
9,model-2,Keep text between tool calls to 25 words or fewer.,multi_step,990,1000
9,model-2,Never invent file paths.,known_answer,3940,4000
9,model-2,Never invent file paths.,wrong_premise,1846,2000
9,model-2,Never invent file paths.,multi_step,870,1000
9,model-2,Ask before deleting files.,known_answer,3950,4000
9,model-2,Ask before deleting files.,wrong_premise,1827,2000
9,model-2,Ask before deleting files.,multi_step,877,1000
10,model-1,(none: the full prompt),known_answer,3898,4000
10,model-1,(none: the full prompt),wrong_premise,1847,2000
10,model-1,(none: the full prompt),multi_step,858,1000
10,model-1,You are a coding assistant.,known_answer,3900,4000
10,model-1,You are a coding assistant.,wrong_premise,1849,2000
10,model-1,You are a coding assistant.,multi_step,857,1000
10,model-1,"Prefer small, reviewable changes.",known_answer,3903,4000
10,model-1,"Prefer small, reviewable changes.",wrong_premise,1854,2000
10,model-1,"Prefer small, reviewable changes.",multi_step,858,1000
10,model-1,Run the tests before you report success.,known_answer,3904,4000
10,model-1,Run the tests before you report success.,wrong_premise,1859,2000
10,model-1,Run the tests before you report success.,multi_step,858,1000
10,model-1,Keep text between tool calls to 25 words or fewer.,known_answer,3887,4000
10,model-1,Keep text between tool calls to 25 words or fewer.,wrong_premise,1863,2000
10,model-1,Keep text between tool calls to 25 words or fewer.,multi_step,975,1000
10,model-1,Never invent file paths.,known_answer,3904,4000
10,model-1,Never invent file paths.,wrong_premise,1841,2000
10,model-1,Never invent file paths.,multi_step,857,1000
10,model-1,Ask before deleting files.,known_answer,3887,4000
10,model-1,Ask before deleting files.,wrong_premise,1831,2000
10,model-1,Ask before deleting files.,multi_step,861,1000
10,model-2,(none: the full prompt),known_answer,3925,4000
10,model-2,(none: the full prompt),wrong_premise,1858,2000
10,model-2,(none: the full prompt),multi_step,867,1000
10,model-2,You are a coding assistant.,known_answer,3946,4000
10,model-2,You are a coding assistant.,wrong_premise,1837,2000
10,model-2,You are a coding assistant.,multi_step,866,1000
10,model-2,"Prefer small, reviewable changes.",known_answer,3944,4000
10,model-2,"Prefer small, reviewable changes.",wrong_premise,1854,2000
10,model-2,"Prefer small, reviewable changes.",multi_step,868,1000
10,model-2,Run the tests before you report success.,known_answer,3940,4000
10,model-2,Run the tests before you report success.,wrong_premise,1865,2000
10,model-2,Run the tests before you report success.,multi_step,870,1000
10,model-2,Keep text between tool calls to 25 words or fewer.,known_answer,3945,4000
10,model-2,Keep text between tool calls to 25 words or fewer.,wrong_premise,1833,2000
10,model-2,Keep text between tool calls to 25 words or fewer.,multi_step,975,1000
10,model-2,Never invent file paths.,known_answer,3947,4000
10,model-2,Never invent file paths.,wrong_premise,1834,2000
10,model-2,Never invent file paths.,multi_step,865,1000
10,model-2,Ask before deleting files.,known_answer,3936,4000
10,model-2,Ask before deleting files.,wrong_premise,1856,2000
10,model-2,Ask before deleting files.,multi_step,869,1000
11,model-1,(none: the full prompt),known_answer,3890,4000
11,model-1,(none: the full prompt),wrong_premise,1826,2000
11,model-1,(none: the full prompt),multi_step,853,1000
11,model-1,You are a coding assistant.,known_answer,3898,4000
11,model-1,You are a coding assistant.,wrong_premise,1845,2000
11,model-1,You are a coding assistant.,multi_step,849,1000
11,model-1,"Prefer small, reviewable changes.",known_answer,3880,4000
11,model-1,"Prefer small, reviewable changes.",wrong_premise,1837,2000
11,model-1,"Prefer small, reviewable changes.",multi_step,857,1000
11,model-1,Run the tests before you report success.,known_answer,3905,4000
11,model-1,Run the tests before you report success.,wrong_premise,1827,2000
11,model-1,Run the tests before you report success.,multi_step,857,1000
11,model-1,Keep text between tool calls to 25 words or fewer.,known_answer,3884,4000
11,model-1,Keep text between tool calls to 25 words or fewer.,wrong_premise,1821,2000
11,model-1,Keep text between tool calls to 25 words or fewer.,multi_step,974,1000
11,model-1,Never invent file paths.,known_answer,3886,4000
11,model-1,Never invent file paths.,wrong_premise,1831,2000
11,model-1,Never invent file paths.,multi_step,853,1000
11,model-1,Ask before deleting files.,known_answer,3885,4000
11,model-1,Ask before deleting files.,wrong_premise,1838,2000
11,model-1,Ask before deleting files.,multi_step,841,1000
11,model-2,(none: the full prompt),known_answer,3940,4000
11,model-2,(none: the full prompt),wrong_premise,1853,2000
11,model-2,(none: the full prompt),multi_step,865,1000
11,model-2,You are a coding assistant.,known_answer,3933,4000
11,model-2,You are a coding assistant.,wrong_premise,1861,2000
11,model-2,You are a coding assistant.,multi_step,872,1000
11,model-2,"Prefer small, reviewable changes.",known_answer,3936,4000
11,model-2,"Prefer small, reviewable changes.",wrong_premise,1845,2000
11,model-2,"Prefer small, reviewable changes.",multi_step,873,1000
11,model-2,Run the tests before you report success.,known_answer,3958,4000
11,model-2,Run the tests before you report success.,wrong_premise,1852,2000
11,model-2,Run the tests before you report success.,multi_step,864,1000
11,model-2,Keep text between tool calls to 25 words or fewer.,known_answer,3951,4000
11,model-2,Keep text between tool calls to 25 words or fewer.,wrong_premise,1849,2000
11,model-2,Keep text between tool calls to 25 words or fewer.,multi_step,979,1000
11,model-2,Never invent file paths.,known_answer,3953,4000
11,model-2,Never invent file paths.,wrong_premise,1837,2000
11,model-2,Never invent file paths.,multi_step,860,1000
11,model-2,Ask before deleting files.,known_answer,3943,4000
11,model-2,Ask before deleting files.,wrong_premise,1833,2000
11,model-2,Ask before deleting files.,multi_step,867,1000
12,model-1,(none: the full prompt),known_answer,3887,4000
12,model-1,(none: the full prompt),wrong_premise,1838,2000
12,model-1,(none: the full prompt),multi_step,854,1000
12,model-1,You are a coding assistant.,known_answer,3881,4000
12,model-1,You are a coding assistant.,wrong_premise,1824,2000
12,model-1,You are a coding assistant.,multi_step,849,1000
12,model-1,"Prefer small, reviewable changes.",known_answer,3883,4000
12,model-1,"Prefer small, reviewable changes.",wrong_premise,1846,2000
12,model-1,"Prefer small, reviewable changes.",multi_step,847,1000
12,model-1,Run the tests before you report success.,known_answer,3889,4000
12,model-1,Run the tests before you report success.,wrong_premise,1846,2000
12,model-1,Run the tests before you report success.,multi_step,857,1000
12,model-1,Keep text between tool calls to 25 words or fewer.,known_answer,3878,4000
12,model-1,Keep text between tool calls to 25 words or fewer.,wrong_premise,1813,2000
12,model-1,Keep text between tool calls to 25 words or fewer.,multi_step,967,1000
12,model-1,Never invent file paths.,known_answer,3889,4000
12,model-1,Never invent file paths.,wrong_premise,1821,2000
12,model-1,Never invent file paths.,multi_step,855,1000
12,model-1,Ask before deleting files.,known_answer,3895,4000
12,model-1,Ask before deleting files.,wrong_premise,1835,2000
12,model-1,Ask before deleting files.,multi_step,865,1000
12,model-2,(none: the full prompt),known_answer,3941,4000
12,model-2,(none: the full prompt),wrong_premise,1866,2000
12,model-2,(none: the full prompt),multi_step,863,1000
12,model-2,You are a coding assistant.,known_answer,3949,4000
12,model-2,You are a coding assistant.,wrong_premise,1852,2000
12,model-2,You are a coding assistant.,multi_step,871,1000
12,model-2,"Prefer small, reviewable changes.",known_answer,3946,4000
12,model-2,"Prefer small, reviewable changes.",wrong_premise,1856,2000
12,model-2,"Prefer small, reviewable changes.",multi_step,870,1000
12,model-2,Run the tests before you report success.,known_answer,3946,4000
12,model-2,Run the tests before you report success.,wrong_premise,1839,2000
12,model-2,Run the tests before you report success.,multi_step,869,1000
12,model-2,Keep text between tool calls to 25 words or fewer.,known_answer,3946,4000
12,model-2,Keep text between tool calls to 25 words or fewer.,wrong_premise,1848,2000
12,model-2,Keep text between tool calls to 25 words or fewer.,multi_step,983,1000
12,model-2,Never invent file paths.,known_answer,3945,4000
12,model-2,Never invent file paths.,wrong_premise,1845,2000
12,model-2,Never invent file paths.,multi_step,867,1000
12,model-2,Ask before deleting files.,known_answer,3946,4000
12,model-2,Ask before deleting files.,wrong_premise,1851,2000
12,model-2,Ask before deleting files.,multi_step,868,1000
13,model-1,(none: the full prompt),known_answer,3888,4000
13,model-1,(none: the full prompt),wrong_premise,1804,2000
13,model-1,(none: the full prompt),multi_step,868,1000
13,model-1,You are a coding assistant.,known_answer,3894,4000
13,model-1,You are a coding assistant.,wrong_premise,1842,2000
13,model-1,You are a coding assistant.,multi_step,878,1000
13,model-1,"Prefer small, reviewable changes.",known_answer,3874,4000
13,model-1,"Prefer small, reviewable changes.",wrong_premise,1829,2000
13,model-1,"Prefer small, reviewable changes.",multi_step,862,1000
13,model-1,Run the tests before you report success.,known_answer,3893,4000
13,model-1,Run the tests before you report success.,wrong_premise,1824,2000
13,model-1,Run the tests before you report success.,multi_step,861,1000
13,model-1,Keep text between tool calls to 25 words or fewer.,known_answer,3875,4000
13,model-1,Keep text between tool calls to 25 words or fewer.,wrong_premise,1834,2000
13,model-1,Keep text between tool calls to 25 words or fewer.,multi_step,970,1000
13,model-1,Never invent file paths.,known_answer,3903,4000
13,model-1,Never invent file paths.,wrong_premise,1840,2000
13,model-1,Never invent file paths.,multi_step,872,1000
13,model-1,Ask before deleting files.,known_answer,3900,4000
13,model-1,Ask before deleting files.,wrong_premise,1836,2000
13,model-1,Ask before deleting files.,multi_step,871,1000
13,model-2,(none: the full prompt),known_answer,3956,4000
13,model-2,(none: the full prompt),wrong_premise,1865,2000
13,model-2,(none: the full prompt),multi_step,885,1000
13,model-2,You are a coding assistant.,known_answer,3944,4000
13,model-2,You are a coding assistant.,wrong_premise,1853,2000
13,model-2,You are a coding assistant.,multi_step,869,1000
13,model-2,"Prefer small, reviewable changes.",known_answer,3948,4000
13,model-2,"Prefer small, reviewable changes.",wrong_premise,1846,2000
13,model-2,"Prefer small, reviewable changes.",multi_step,880,1000
13,model-2,Run the tests before you report success.,known_answer,3950,4000
13,model-2,Run the tests before you report success.,wrong_premise,1866,2000
13,model-2,Run the tests before you report success.,multi_step,883,1000
13,model-2,Keep text between tool calls to 25 words or fewer.,known_answer,3945,4000
13,model-2,Keep text between tool calls to 25 words or fewer.,wrong_premise,1845,2000
13,model-2,Keep text between tool calls to 25 words or fewer.,multi_step,989,1000
13,model-2,Never invent file paths.,known_answer,3952,4000
13,model-2,Never invent file paths.,wrong_premise,1852,2000
13,model-2,Never invent file paths.,multi_step,886,1000
13,model-2,Ask before deleting files.,known_answer,3940,4000
13,model-2,Ask before deleting files.,wrong_premise,1863,2000
13,model-2,Ask before deleting files.,multi_step,883,1000
14,model-1,(none: the full prompt),known_answer,3890,4000
14,model-1,(none: the full prompt),wrong_premise,1844,2000
14,model-1,(none: the full prompt),multi_step,867,1000
14,model-1,You are a coding assistant.,known_answer,3895,4000
14,model-1,You are a coding assistant.,wrong_premise,1841,2000
14,model-1,You are a coding assistant.,multi_step,857,1000
14,model-1,"Prefer small, reviewable changes.",known_answer,3894,4000
14,model-1,"Prefer small, reviewable changes.",wrong_premise,1844,2000
14,model-1,"Prefer small, reviewable changes.",multi_step,860,1000
14,model-1,Run the tests before you report success.,known_answer,3894,4000
14,model-1,Run the tests before you report success.,wrong_premise,1827,2000
14,model-1,Run the tests before you report success.,multi_step,853,1000
14,model-1,Keep text between tool calls to 25 words or fewer.,known_answer,3881,4000
14,model-1,Keep text between tool calls to 25 words or fewer.,wrong_premise,1843,2000
14,model-1,Keep text between tool calls to 25 words or fewer.,multi_step,976,1000
14,model-1,Never invent file paths.,known_answer,3877,4000
14,model-1,Never invent file paths.,wrong_premise,1825,2000
14,model-1,Never invent file paths.,multi_step,858,1000
14,model-1,Ask before deleting files.,known_answer,3909,4000
14,model-1,Ask before deleting files.,wrong_premise,1846,2000
14,model-1,Ask before deleting files.,multi_step,860,1000
14,model-2,(none: the full prompt),known_answer,3950,4000
14,model-2,(none: the full prompt),wrong_premise,1859,2000
14,model-2,(none: the full prompt),multi_step,871,1000
14,model-2,You are a coding assistant.,known_answer,3950,4000
14,model-2,You are a coding assistant.,wrong_premise,1830,2000
14,model-2,You are a coding assistant.,multi_step,872,1000
14,model-2,"Prefer small, reviewable changes.",known_answer,3956,4000
14,model-2,"Prefer small, reviewable changes.",wrong_premise,1846,2000
14,model-2,"Prefer small, reviewable changes.",multi_step,872,1000
14,model-2,Run the tests before you report success.,known_answer,3941,4000
14,model-2,Run the tests before you report success.,wrong_premise,1842,2000
14,model-2,Run the tests before you report success.,multi_step,864,1000
14,model-2,Keep text between tool calls to 25 words or fewer.,known_answer,3940,4000
14,model-2,Keep text between tool calls to 25 words or fewer.,wrong_premise,1840,2000
14,model-2,Keep text between tool calls to 25 words or fewer.,multi_step,992,1000
14,model-2,Never invent file paths.,known_answer,3938,4000
14,model-2,Never invent file paths.,wrong_premise,1840,2000
14,model-2,Never invent file paths.,multi_step,873,1000
14,model-2,Ask before deleting files.,known_answer,3954,4000
14,model-2,Ask before deleting files.,wrong_premise,1852,2000
14,model-2,Ask before deleting files.,multi_step,871,1000
15,model-1,(none: the full prompt),known_answer,3905,4000
15,model-1,(none: the full prompt),wrong_premise,1843,2000
15,model-1,(none: the full prompt),multi_step,845,1000
15,model-1,You are a coding assistant.,known_answer,3908,4000
15,model-1,You are a coding assistant.,wrong_premise,1839,2000
15,model-1,You are a coding assistant.,multi_step,863,1000
15,model-1,"Prefer small, reviewable changes.",known_answer,3890,4000
15,model-1,"Prefer small, reviewable changes.",wrong_premise,1832,2000
15,model-1,"Prefer small, reviewable changes.",multi_step,859,1000
15,model-1,Run the tests before you report success.,known_answer,3890,4000
15,model-1,Run the tests before you report success.,wrong_premise,1824,2000
15,model-1,Run the tests before you report success.,multi_step,863,1000
15,model-1,Keep text between tool calls to 25 words or fewer.,known_answer,3871,4000
15,model-1,Keep text between tool calls to 25 words or fewer.,wrong_premise,1841,2000
15,model-1,Keep text between tool calls to 25 words or fewer.,multi_step,982,1000
15,model-1,Never invent file paths.,known_answer,3909,4000
15,model-1,Never invent file paths.,wrong_premise,1820,2000
15,model-1,Never invent file paths.,multi_step,854,1000
15,model-1,Ask before deleting files.,known_answer,3896,4000
15,model-1,Ask before deleting files.,wrong_premise,1831,2000
15,model-1,Ask before deleting files.,multi_step,853,1000
15,model-2,(none: the full prompt),known_answer,3939,4000
15,model-2,(none: the full prompt),wrong_premise,1836,2000
15,model-2,(none: the full prompt),multi_step,872,1000
15,model-2,You are a coding assistant.,known_answer,3952,4000
15,model-2,You are a coding assistant.,wrong_premise,1854,2000
15,model-2,You are a coding assistant.,multi_step,871,1000
15,model-2,"Prefer small, reviewable changes.",known_answer,3944,4000
15,model-2,"Prefer small, reviewable changes.",wrong_premise,1862,2000
15,model-2,"Prefer small, reviewable changes.",multi_step,875,1000
15,model-2,Run the tests before you report success.,known_answer,3957,4000
15,model-2,Run the tests before you report success.,wrong_premise,1866,2000
15,model-2,Run the tests before you report success.,multi_step,873,1000
15,model-2,Keep text between tool calls to 25 words or fewer.,known_answer,3940,4000
15,model-2,Keep text between tool calls to 25 words or fewer.,wrong_premise,1846,2000
15,model-2,Keep text between tool calls to 25 words or fewer.,multi_step,986,1000
15,model-2,Never invent file paths.,known_answer,3955,4000
15,model-2,Never invent file paths.,wrong_premise,1857,2000
15,model-2,Never invent file paths.,multi_step,873,1000
15,model-2,Ask before deleting files.,known_answer,3941,4000
15,model-2,Ask before deleting files.,wrong_premise,1854,2000
15,model-2,Ask before deleting files.,multi_step,870,1000
16,model-1,(none: the full prompt),known_answer,3881,4000
16,model-1,(none: the full prompt),wrong_premise,1835,2000
16,model-1,(none: the full prompt),multi_step,871,1000
16,model-1,You are a coding assistant.,known_answer,3904,4000
16,model-1,You are a coding assistant.,wrong_premise,1815,2000
16,model-1,You are a coding assistant.,multi_step,878,1000
16,model-1,"Prefer small, reviewable changes.",known_answer,3892,4000
16,model-1,"Prefer small, reviewable changes.",wrong_premise,1837,2000
16,model-1,"Prefer small, reviewable changes.",multi_step,868,1000
16,model-1,Run the tests before you report success.,known_answer,3902,4000
16,model-1,Run the tests before you report success.,wrong_premise,1817,2000
16,model-1,Run the tests before you report success.,multi_step,874,1000
16,model-1,Keep text between tool calls to 25 words or fewer.,known_answer,3894,4000
16,model-1,Keep text between tool calls to 25 words or fewer.,wrong_premise,1835,2000
16,model-1,Keep text between tool calls to 25 words or fewer.,multi_step,976,1000
16,model-1,Never invent file paths.,known_answer,3885,4000
16,model-1,Never invent file paths.,wrong_premise,1852,2000
16,model-1,Never invent file paths.,multi_step,872,1000
16,model-1,Ask before deleting files.,known_answer,3882,4000
16,model-1,Ask before deleting files.,wrong_premise,1835,2000
16,model-1,Ask before deleting files.,multi_step,868,1000
16,model-2,(none: the full prompt),known_answer,3954,4000
16,model-2,(none: the full prompt),wrong_premise,1863,2000
16,model-2,(none: the full prompt),multi_step,887,1000
16,model-2,You are a coding assistant.,known_answer,3933,4000
16,model-2,You are a coding assistant.,wrong_premise,1856,2000
16,model-2,You are a coding assistant.,multi_step,883,1000
16,model-2,"Prefer small, reviewable changes.",known_answer,3948,4000
16,model-2,"Prefer small, reviewable changes.",wrong_premise,1862,2000
16,model-2,"Prefer small, reviewable changes.",multi_step,884,1000
16,model-2,Run the tests before you report success.,known_answer,3942,4000
16,model-2,Run the tests before you report success.,wrong_premise,1830,2000
16,model-2,Run the tests before you report success.,multi_step,878,1000
16,model-2,Keep text between tool calls to 25 words or fewer.,known_answer,3948,4000
16,model-2,Keep text between tool calls to 25 words or fewer.,wrong_premise,1852,2000
16,model-2,Keep text between tool calls to 25 words or fewer.,multi_step,981,1000
16,model-2,Never invent file paths.,known_answer,3949,4000
16,model-2,Never invent file paths.,wrong_premise,1851,2000
16,model-2,Never invent file paths.,multi_step,883,1000
16,model-2,Ask before deleting files.,known_answer,3928,4000
16,model-2,Ask before deleting files.,wrong_premise,1864,2000
16,model-2,Ask before deleting files.,multi_step,877,1000
17,model-1,(none: the full prompt),known_answer,3894,4000
17,model-1,(none: the full prompt),wrong_premise,1840,2000
17,model-1,(none: the full prompt),multi_step,865,1000
17,model-1,You are a coding assistant.,known_answer,3889,4000
17,model-1,You are a coding assistant.,wrong_premise,1839,2000
17,model-1,You are a coding assistant.,multi_step,870,1000
17,model-1,"Prefer small, reviewable changes.",known_answer,3912,4000
17,model-1,"Prefer small, reviewable changes.",wrong_premise,1839,2000
17,model-1,"Prefer small, reviewable changes.",multi_step,867,1000
17,model-1,Run the tests before you report success.,known_answer,3886,4000
17,model-1,Run the tests before you report success.,wrong_premise,1853,2000
17,model-1,Run the tests before you report success.,multi_step,871,1000
17,model-1,Keep text between tool calls to 25 words or fewer.,known_answer,3888,4000
17,model-1,Keep text between tool calls to 25 words or fewer.,wrong_premise,1841,2000
17,model-1,Keep text between tool calls to 25 words or fewer.,multi_step,977,1000
17,model-1,Never invent file paths.,known_answer,3898,4000
17,model-1,Never invent file paths.,wrong_premise,1843,2000
17,model-1,Never invent file paths.,multi_step,869,1000
17,model-1,Ask before deleting files.,known_answer,3895,4000
17,model-1,Ask before deleting files.,wrong_premise,1830,2000
17,model-1,Ask before deleting files.,multi_step,878,1000
17,model-2,(none: the full prompt),known_answer,3946,4000
17,model-2,(none: the full prompt),wrong_premise,1869,2000
17,model-2,(none: the full prompt),multi_step,886,1000
17,model-2,You are a coding assistant.,known_answer,3945,4000
17,model-2,You are a coding assistant.,wrong_premise,1844,2000
17,model-2,You are a coding assistant.,multi_step,882,1000
17,model-2,"Prefer small, reviewable changes.",known_answer,3948,4000
17,model-2,"Prefer small, reviewable changes.",wrong_premise,1848,2000
17,model-2,"Prefer small, reviewable changes.",multi_step,881,1000
17,model-2,Run the tests before you report success.,known_answer,3940,4000
17,model-2,Run the tests before you report success.,wrong_premise,1846,2000
17,model-2,Run the tests before you report success.,multi_step,877,1000
17,model-2,Keep text between tool calls to 25 words or fewer.,known_answer,3949,4000
17,model-2,Keep text between tool calls to 25 words or fewer.,wrong_premise,1856,2000
17,model-2,Keep text between tool calls to 25 words or fewer.,multi_step,986,1000
17,model-2,Never invent file paths.,known_answer,3949,4000
17,model-2,Never invent file paths.,wrong_premise,1858,2000
17,model-2,Never invent file paths.,multi_step,887,1000
17,model-2,Ask before deleting files.,known_answer,3950,4000
17,model-2,Ask before deleting files.,wrong_premise,1845,2000
17,model-2,Ask before deleting files.,multi_step,886,1000
18,model-1,(none: the full prompt),known_answer,3897,4000
18,model-1,(none: the full prompt),wrong_premise,1817,2000
18,model-1,(none: the full prompt),multi_step,864,1000
18,model-1,You are a coding assistant.,known_answer,3887,4000
18,model-1,You are a coding assistant.,wrong_premise,1830,2000
18,model-1,You are a coding assistant.,multi_step,867,1000
18,model-1,"Prefer small, reviewable changes.",known_answer,3905,4000
18,model-1,"Prefer small, reviewable changes.",wrong_premise,1833,2000
18,model-1,"Prefer small, reviewable changes.",multi_step,874,1000
18,model-1,Run the tests before you report success.,known_answer,3900,4000
18,model-1,Run the tests before you report success.,wrong_premise,1833,2000
18,model-1,Run the tests before you report success.,multi_step,863,1000
18,model-1,Keep text between tool calls to 25 words or fewer.,known_answer,3879,4000
18,model-1,Keep text between tool calls to 25 words or fewer.,wrong_premise,1828,2000
18,model-1,Keep text between tool calls to 25 words or fewer.,multi_step,975,1000
18,model-1,Never invent file paths.,known_answer,3908,4000
18,model-1,Never invent file paths.,wrong_premise,1836,2000
18,model-1,Never invent file paths.,multi_step,876,1000
18,model-1,Ask before deleting files.,known_answer,3901,4000
18,model-1,Ask before deleting files.,wrong_premise,1831,2000
18,model-1,Ask before deleting files.,multi_step,866,1000
18,model-2,(none: the full prompt),known_answer,3938,4000
18,model-2,(none: the full prompt),wrong_premise,1851,2000
18,model-2,(none: the full prompt),multi_step,883,1000
18,model-2,You are a coding assistant.,known_answer,3946,4000
18,model-2,You are a coding assistant.,wrong_premise,1835,2000
18,model-2,You are a coding assistant.,multi_step,883,1000
18,model-2,"Prefer small, reviewable changes.",known_answer,3945,4000
18,model-2,"Prefer small, reviewable changes.",wrong_premise,1853,2000
18,model-2,"Prefer small, reviewable changes.",multi_step,884,1000
18,model-2,Run the tests before you report success.,known_answer,3942,4000
18,model-2,Run the tests before you report success.,wrong_premise,1865,2000
18,model-2,Run the tests before you report success.,multi_step,879,1000
18,model-2,Keep text between tool calls to 25 words or fewer.,known_answer,3935,4000
18,model-2,Keep text between tool calls to 25 words or fewer.,wrong_premise,1856,2000
18,model-2,Keep text between tool calls to 25 words or fewer.,multi_step,982,1000
18,model-2,Never invent file paths.,known_answer,3948,4000
18,model-2,Never invent file paths.,wrong_premise,1846,2000
18,model-2,Never invent file paths.,multi_step,880,1000
18,model-2,Ask before deleting files.,known_answer,3927,4000
18,model-2,Ask before deleting files.,wrong_premise,1840,2000
18,model-2,Ask before deleting files.,multi_step,883,1000
19,model-1,(none: the full prompt),known_answer,3910,4000
19,model-1,(none: the full prompt),wrong_premise,1848,2000
19,model-1,(none: the full prompt),multi_step,857,1000
19,model-1,You are a coding assistant.,known_answer,3904,4000
19,model-1,You are a coding assistant.,wrong_premise,1825,2000
19,model-1,You are a coding assistant.,multi_step,866,1000
19,model-1,"Prefer small, reviewable changes.",known_answer,3899,4000
19,model-1,"Prefer small, reviewable changes.",wrong_premise,1826,2000
19,model-1,"Prefer small, reviewable changes.",multi_step,865,1000
19,model-1,Run the tests before you report success.,known_answer,3888,4000
19,model-1,Run the tests before you report success.,wrong_premise,1827,2000
19,model-1,Run the tests before you report success.,multi_step,862,1000
19,model-1,Keep text between tool calls to 25 words or fewer.,known_answer,3900,4000
19,model-1,Keep text between tool calls to 25 words or fewer.,wrong_premise,1836,2000
19,model-1,Keep text between tool calls to 25 words or fewer.,multi_step,977,1000
19,model-1,Never invent file paths.,known_answer,3888,4000
19,model-1,Never invent file paths.,wrong_premise,1833,2000
19,model-1,Never invent file paths.,multi_step,862,1000
19,model-1,Ask before deleting files.,known_answer,3894,4000
19,model-1,Ask before deleting files.,wrong_premise,1828,2000
19,model-1,Ask before deleting files.,multi_step,858,1000
19,model-2,(none: the full prompt),known_answer,3945,4000
19,model-2,(none: the full prompt),wrong_premise,1854,2000
19,model-2,(none: the full prompt),multi_step,875,1000
19,model-2,You are a coding assistant.,known_answer,3947,4000
19,model-2,You are a coding assistant.,wrong_premise,1836,2000
19,model-2,You are a coding assistant.,multi_step,872,1000
19,model-2,"Prefer small, reviewable changes.",known_answer,3939,4000
19,model-2,"Prefer small, reviewable changes.",wrong_premise,1863,2000
19,model-2,"Prefer small, reviewable changes.",multi_step,871,1000
19,model-2,Run the tests before you report success.,known_answer,3938,4000
19,model-2,Run the tests before you report success.,wrong_premise,1855,2000
19,model-2,Run the tests before you report success.,multi_step,870,1000
19,model-2,Keep text between tool calls to 25 words or fewer.,known_answer,3945,4000
19,model-2,Keep text between tool calls to 25 words or fewer.,wrong_premise,1836,2000
19,model-2,Keep text between tool calls to 25 words or fewer.,multi_step,983,1000
19,model-2,Never invent file paths.,known_answer,3936,4000
19,model-2,Never invent file paths.,wrong_premise,1851,2000
19,model-2,Never invent file paths.,multi_step,866,1000
19,model-2,Ask before deleting files.,known_answer,3944,4000
19,model-2,Ask before deleting files.,wrong_premise,1862,2000
19,model-2,Ask before deleting files.,multi_step,866,1000
