run,mode,rollback_call_ms,all_workers_switched_ms,first_worker_switched_ms,candidate_replies_after_return,requests_served
0,read per request,0.619699974777177,1.799999998183921,0.8520999981556088,0,1995
1,read per request,0.5101000133436173,2.0518999954219908,0.9737999935168773,0,1984
2,read per request,0.8528000034857541,2.097199991112575,1.1554000084288418,0,1833
3,read per request,0.8477999945171177,2.13649999932386,1.0251000057905912,0,1968
4,read per request,0.7402999908663332,2.1955999836791307,1.2481999874580652,0,1978
5,read per request,0.48370001604780555,2.326300018467009,1.2398000108078122,0,1728
6,read per request,1.024700002744794,1.8955999985337257,0.9284999978262931,0,1882
7,read per request,0.7805000059306622,2.05950002418831,0.8552000217605382,0,2008
8,read per request,1.5096999995876104,2.4002999998629093,1.0812999971676618,0,1973
9,read per request,2.5305000017397106,3.192100004525855,2.3305999930016696,0,1905
10,read per request,1.3321000151336193,2.41650000680238,1.1041999969165772,0,1987
11,read per request,0.5873000191058964,2.1631999989040196,1.1378000199329108,0,1999
12,read per request,1.1556999816093594,2.328899980057031,0.995299982605502,0,2007
13,read per request,1.7544000002089888,2.9036999912932515,0.9855999960564077,0,1865
14,read per request,1.050899998517707,1.985899987630546,0.7440999906975776,0,2087
15,read per request,1.5255999751389027,2.4384999996982515,1.377699984004721,0,1979
16,read per request,0.6639000202994794,2.0001000084448606,0.7837000011932105,0,2073
17,read per request,0.5994999955873936,1.8875999958254397,0.9228000126313418,0,2033
18,read per request,0.48519999836571515,1.869500003522262,0.9902000019792467,0,2105
19,read per request,0.9829999762587249,1.9169999868609011,0.9119999886024743,0,2008
0,cached 1 s,0.7287999906111509,968.7040999997407,93.62010000040755,2859,4215
1,cached 1 s,0.5089000042062253,989.9914000125136,114.92839999846183,2963,4320
2,cached 1 s,0.5895000067539513,973.826100002043,99.19380000792444,2836,4216
3,cached 1 s,0.5356000037863851,989.3596000038087,114.70499998540618,2964,4321
4,cached 1 s,0.5361000075936317,990.7776000036392,115.09940001997165,2965,4331
5,cached 1 s,0.6452999950852245,988.4082000062335,113.52730001090094,2932,4282
6,cached 1 s,0.7667999889235944,987.9947000008542,113.26449998887256,2908,4255
7,cached 1 s,0.7103999960236251,990.3728000062983,115.63820001902059,2970,4343
8,cached 1 s,0.7130999874789268,989.2208999954164,113.35440000402741,2978,4350
9,cached 1 s,0.7051000138744712,965.774300013436,90.35039998707362,2829,4188
10,cached 1 s,0.6446999905165285,979.4732999871485,105.38150000502355,2907,4271
11,cached 1 s,0.5406999844126403,989.894699974684,116.17379999370314,2925,4283
12,cached 1 s,0.5769999988842756,990.7892000046559,115.3387000085786,3017,4368
13,cached 1 s,0.6538000016007572,988.6394000204746,113.47020001267083,3130,4543
14,cached 1 s,0.7123999821487814,969.7976000024937,95.64729998237453,2993,4451
15,cached 1 s,0.4861000052187592,990.612699999474,115.19650000263937,3094,4532
16,cached 1 s,0.592800002777949,988.8956000213511,114.13280002307147,3084,4518
17,cached 1 s,0.6569999968633056,977.5425999832805,102.70960000343621,3003,4457
18,cached 1 s,0.6954999989829957,988.3373999909963,112.65189998084679,3116,4506
19,cached 1 s,0.7539000071119517,979.6779000025708,104.3694999825675,3022,4452
