strategy,concurrency,run,charges,new_201,replayed,conflict_409,error_500,other,wall_ms,server_threads
check-then-insert,50,1,50,1,0,0,49,0,221.3,200
on-conflict,50,1,1,1,0,49,0,0,122.1,200
redis-set-nx,50,1,1,1,0,49,0,0,84.3,200
check-then-insert,100,1,100,1,0,0,99,0,325.9,200
on-conflict,100,1,1,1,99,0,0,0,264.3,200
redis-set-nx,100,1,1,1,0,99,0,0,125.1,200
check-then-insert,50,2,50,1,0,0,49,0,180.4,200
on-conflict,50,2,1,1,0,49,0,0,96.1,200
redis-set-nx,50,2,1,1,0,49,0,0,87.2,200
check-then-insert,100,2,100,1,0,0,99,0,319.9,200
on-conflict,100,2,1,1,1,98,0,0,237.0,200
redis-set-nx,100,2,1,1,0,99,0,0,117.3,200
check-then-insert,50,3,50,1,0,0,49,0,186.4,200
on-conflict,50,3,1,1,0,49,0,0,111.7,200
redis-set-nx,50,3,1,1,0,49,0,0,84.6,200
check-then-insert,100,3,100,1,0,0,99,0,324.6,200
on-conflict,100,3,1,1,1,98,0,0,215.3,200
redis-set-nx,100,3,1,1,0,99,0,0,161.1,200
check-then-insert,50,4,50,1,0,0,49,0,189.2,200
on-conflict,50,4,1,1,0,49,0,0,116.9,200
redis-set-nx,50,4,1,1,0,49,0,0,85.6,200
check-then-insert,100,4,100,1,0,0,99,0,326.8,200
on-conflict,100,4,1,1,0,99,0,0,236.8,200
redis-set-nx,100,4,1,1,0,99,0,0,101.3,200
check-then-insert,50,5,50,1,0,0,49,0,193.5,200
on-conflict,50,5,1,1,49,0,0,0,171.3,200
redis-set-nx,50,5,1,1,0,49,0,0,89.4,200
check-then-insert,100,5,100,1,0,0,99,0,328.8,200
on-conflict,100,5,1,1,7,92,0,0,220.6,200
redis-set-nx,100,5,1,1,0,99,0,0,115.2,200
check-then-insert,50,6,50,1,0,0,49,0,188.6,200
on-conflict,50,6,1,1,0,49,0,0,108.4,200
redis-set-nx,50,6,1,1,0,49,0,0,132.5,200
check-then-insert,100,6,100,1,0,0,99,0,352.4,200
on-conflict,100,6,1,1,0,99,0,0,202.8,200
redis-set-nx,100,6,1,1,0,99,0,0,116.5,200
check-then-insert,50,7,50,1,0,0,49,0,188.7,200
on-conflict,50,7,1,1,0,49,0,0,127.3,200
redis-set-nx,50,7,1,1,0,49,0,0,88.6,200
check-then-insert,100,7,100,1,0,0,99,0,389.9,200
on-conflict,100,7,1,1,1,98,0,0,222.6,200
redis-set-nx,100,7,1,1,0,99,0,0,129.7,200
check-then-insert,50,8,50,1,0,0,49,0,198.9,200
on-conflict,50,8,1,1,0,49,0,0,103.2,200
redis-set-nx,50,8,1,1,0,49,0,0,86.2,200
check-then-insert,100,8,100,1,0,0,99,0,358.1,200
on-conflict,100,8,1,1,64,35,0,0,219.8,200
redis-set-nx,100,8,1,1,0,99,0,0,110.5,200
check-then-insert,50,9,50,1,0,0,49,0,190.3,200
on-conflict,50,9,1,1,0,49,0,0,99.0,200
redis-set-nx,50,9,1,1,0,49,0,0,90.9,200
check-then-insert,100,9,100,1,0,0,99,0,314.0,200
on-conflict,100,9,1,1,99,0,0,0,274.4,200
redis-set-nx,100,9,1,1,0,99,0,0,117.2,200
check-then-insert,50,10,50,1,0,0,49,0,189.7,200
on-conflict,50,10,1,1,0,49,0,0,127.7,200
redis-set-nx,50,10,1,1,0,49,0,0,81.7,200
check-then-insert,100,10,100,1,0,0,99,0,334.0,200
on-conflict,100,10,1,1,0,99,0,0,201.3,200
redis-set-nx,100,10,1,1,0,99,0,0,172.5,200
check-then-insert,50,11,50,1,0,0,49,0,183.4,200
on-conflict,50,11,1,1,0,49,0,0,102.7,200
redis-set-nx,50,11,1,1,0,49,0,0,92.3,200
check-then-insert,100,11,100,1,0,0,99,0,325.3,200
on-conflict,100,11,1,1,0,99,0,0,240.3,200
redis-set-nx,100,11,1,1,0,99,0,0,210.6,200
check-then-insert,50,12,50,1,0,0,49,0,191.2,200
on-conflict,50,12,1,1,0,49,0,0,105.9,200
redis-set-nx,50,12,1,1,0,49,0,0,91.5,200
check-then-insert,100,12,100,1,0,0,99,0,328.4,200
on-conflict,100,12,1,1,0,99,0,0,207.3,200
redis-set-nx,100,12,1,1,0,99,0,0,121.9,200
check-then-insert,50,13,50,1,0,0,49,0,188.7,200
on-conflict,50,13,1,1,0,49,0,0,168.4,200
redis-set-nx,50,13,1,1,0,49,0,0,100.9,200
check-then-insert,100,13,100,1,0,0,99,0,321.2,200
on-conflict,100,13,1,1,0,99,0,0,227.0,200
redis-set-nx,100,13,1,1,0,99,0,0,122.2,200
check-then-insert,50,14,50,1,0,0,49,0,185.1,200
on-conflict,50,14,1,1,0,49,0,0,118.7,200
redis-set-nx,50,14,1,1,0,49,0,0,135.7,200
check-then-insert,100,14,100,1,0,0,99,0,318.7,200
on-conflict,100,14,1,1,63,36,0,0,213.7,200
redis-set-nx,100,14,1,1,0,99,0,0,112.0,200
check-then-insert,50,15,50,1,0,0,49,0,183.0,200
on-conflict,50,15,1,1,0,49,0,0,119.3,200
redis-set-nx,50,15,1,1,0,49,0,0,89.9,200
check-then-insert,100,15,100,1,0,0,99,0,363.5,200
on-conflict,100,15,1,1,69,30,0,0,218.7,200
redis-set-nx,100,15,1,1,0,99,0,0,124.2,200
check-then-insert,50,16,50,1,0,0,49,0,186.4,200
on-conflict,50,16,1,1,0,49,0,0,118.2,200
redis-set-nx,50,16,1,1,0,49,0,0,87.2,200
check-then-insert,100,16,100,1,0,0,99,0,358.1,200
on-conflict,100,16,1,1,0,99,0,0,208.6,200
redis-set-nx,100,16,1,1,0,99,0,0,128.3,200
check-then-insert,50,17,50,1,0,0,49,0,187.3,200
on-conflict,50,17,1,1,0,49,0,0,115.6,200
redis-set-nx,50,17,1,1,0,49,0,0,84.1,200
check-then-insert,100,17,100,1,0,0,99,0,348.5,200
on-conflict,100,17,1,1,99,0,0,0,250.8,200
redis-set-nx,100,17,1,1,0,99,0,0,115.4,200
check-then-insert,50,18,50,1,0,0,49,0,182.4,200
on-conflict,50,18,1,1,0,49,0,0,107.3,200
redis-set-nx,50,18,1,1,0,49,0,0,86.1,200
check-then-insert,100,18,100,1,0,0,99,0,336.4,200
on-conflict,100,18,1,1,80,19,0,0,238.9,200
redis-set-nx,100,18,1,1,0,99,0,0,117.4,200
check-then-insert,50,19,50,1,0,0,49,0,182.7,200
on-conflict,50,19,1,1,0,49,0,0,115.4,200
redis-set-nx,50,19,1,1,0,49,0,0,91.8,200
check-then-insert,100,19,100,1,0,0,99,0,313.2,200
on-conflict,100,19,1,1,0,99,0,0,223.9,200
redis-set-nx,100,19,1,1,0,99,0,0,172.0,200
check-then-insert,50,20,50,1,0,0,49,0,187.0,200
on-conflict,50,20,1,1,0,49,0,0,92.8,200
redis-set-nx,50,20,1,1,0,49,0,0,87.8,200
check-then-insert,100,20,100,1,0,0,99,0,313.7,200
on-conflict,100,20,1,1,51,48,0,0,208.7,200
redis-set-nx,100,20,1,1,0,99,0,0,140.9,200
