run,writers,notify,commits,commits_per_s,notifications
1,1,False,4355,435.5,0
1,1,True,4255,425.5,4255
1,8,False,22783,2278.3,0
1,8,True,9053,905.3,9053
1,32,False,58851,5885.1,0
1,32,True,9426,942.6,9426
2,1,False,4089,408.9,0
2,1,True,4098,409.8,4098
2,8,False,23978,2397.8,0
2,8,True,9378,937.8,9378
2,32,False,63101,6310.1,0
2,32,True,8462,846.2,8462
3,1,False,4324,432.4,0
3,1,True,4275,427.5,4275
3,8,False,23662,2366.2,0
3,8,True,9396,939.6,9396
3,32,False,60456,6045.6,0
3,32,True,9120,912.0,9120
4,1,False,4415,441.5,0
4,1,True,4257,425.7,4257
4,8,False,24491,2449.1,0
4,8,True,9574,957.4,9574
4,32,False,60492,6049.2,0
4,32,True,9270,927.0,9270
5,1,False,4352,435.2,0
5,1,True,4252,425.2,4252
5,8,False,24600,2460.0,0
5,8,True,9443,944.3,9443
5,32,False,61764,6176.4,0
5,32,True,9589,958.9,9589
