seed,config,unsafe,false_handoffs,handoffs,backend_answers,drafted,tier2,right_drafts_checked,right_drafts_to_tier2,wrong_clause_checked,wrong_clause_stopped_by_type_only,unsafe_blend,unsafe_wrong_clause,unsafe_gap_fill,unsafe_agree,unsafe_retrieval_miss,unsafe_kind_answerable,unsafe_kind_no_policy,unsafe_kind_legal,unsafe_kind_leading,false_handoff_out_of_scope,false_handoff_no_policy,false_handoff_policy_type,false_handoff_facts_or_wording,false_handoff_commitment
1,none,177,0,0,0,300,0,0,0,0,0,22,19,100,29,7,48,50,50,29,0,0,0,0,0
1,scope,117,7,67,0,233,0,116,0,18,0,22,18,44,27,6,46,37,7,27,0,7,0,0,0
1,"scope+check, no type check",27,8,158,0,233,149,116,56,18,0,0,18,0,3,6,24,0,0,3,0,7,0,1,0
1,scope+check,12,26,191,0,233,171,116,64,18,10,0,8,0,3,1,9,0,0,3,0,7,18,1,0
1,all gates,10,26,190,3,233,163,116,64,18,10,0,8,0,1,1,9,0,0,1,0,7,18,1,0
2,none,188,0,0,0,300,0,0,0,0,0,24,23,100,35,6,53,50,50,35,0,0,0,0,0
2,scope,127,6,67,0,233,0,106,0,21,0,24,21,44,33,5,50,37,7,33,0,6,0,0,0
2,"scope+check, no type check",29,6,165,0,233,150,106,49,21,0,0,21,0,3,5,26,0,0,3,0,6,0,0,0
2,scope+check,10,24,202,0,233,175,106,57,21,15,0,6,0,3,1,7,0,0,3,0,6,18,0,0
2,all gates,8,24,200,4,233,169,106,57,21,15,0,6,0,1,1,7,0,0,1,0,6,18,0,0
3,none,176,0,0,0,300,0,0,0,0,0,20,22,100,28,6,47,50,50,29,0,0,0,0,0
3,scope,113,4,67,0,233,0,120,0,21,0,17,21,44,26,5,42,37,7,27,1,3,0,0,0
3,"scope+check, no type check",28,4,152,0,233,153,120,65,21,0,0,21,0,2,5,25,0,0,3,1,3,0,0,0
3,scope+check,11,24,189,0,233,180,120,76,21,14,0,7,0,2,2,8,0,0,3,1,3,20,0,0
3,all gates,10,24,188,2,233,171,120,76,21,14,0,7,0,1,2,8,0,0,2,1,3,20,0,0
4,none,184,0,0,0,300,0,0,0,0,0,20,25,100,32,7,52,50,50,32,0,0,0,0,0
4,scope,124,7,67,0,233,0,109,0,24,0,20,24,44,31,5,49,37,7,31,1,6,0,0,0
4,"scope+check, no type check",31,7,160,0,233,154,109,60,24,0,0,24,0,2,5,29,0,0,2,1,6,0,0,0
4,scope+check,11,30,203,0,233,185,109,72,24,16,0,8,0,2,1,9,0,0,2,1,6,23,0,0
4,all gates,9,30,202,3,233,174,109,72,24,16,0,8,0,0,1,9,0,0,0,1,6,23,0,0
5,none,173,0,0,0,300,0,0,0,0,0,18,19,100,28,8,44,50,50,29,0,0,0,0,0
5,scope,111,5,67,0,233,0,122,0,18,0,16,18,44,26,7,40,37,7,27,1,4,0,0,0
5,"scope+check, no type check",28,5,150,0,233,141,122,53,18,0,0,18,0,3,7,24,0,0,4,1,4,0,0,0
5,scope+check,12,26,187,0,233,168,122,67,18,11,0,7,0,3,2,8,0,0,4,1,4,21,0,0
5,all gates,10,26,187,2,233,160,122,67,18,11,0,7,0,1,2,8,0,0,2,1,4,21,0,0
6,none,179,0,0,0,300,0,0,0,0,0,20,25,100,26,8,52,50,50,27,0,0,0,0,0
6,scope,117,5,67,0,233,0,116,0,24,0,19,24,44,24,6,48,37,7,25,1,4,0,0,0
6,"scope+check, no type check",31,5,153,0,233,151,116,60,24,0,0,24,0,1,6,29,0,0,2,1,4,0,0,0
6,scope+check,14,21,186,0,233,172,116,67,24,13,0,11,0,1,2,12,0,0,2,1,4,16,0,0
6,all gates,13,21,184,3,233,162,116,67,24,13,0,11,0,0,2,12,0,0,1,1,4,16,0,0
7,none,174,0,0,0,300,0,0,0,0,0,13,27,100,28,6,46,50,50,28,0,0,0,0,0
7,scope,114,7,67,0,233,0,119,0,25,0,13,25,44,27,5,43,37,7,27,2,5,0,0,0
7,"scope+check, no type check",33,8,149,0,233,152,119,66,25,0,0,25,0,3,5,30,0,0,3,2,5,0,1,0
7,scope+check,10,24,188,0,233,178,119,73,25,18,0,7,0,3,0,7,0,0,3,2,5,16,1,0
7,all gates,8,24,186,4,233,169,119,73,25,18,0,7,0,1,0,7,0,0,1,2,5,16,1,0
8,none,186,0,0,0,300,0,0,0,0,0,24,27,100,29,6,56,50,50,30,0,0,0,0,0
8,scope,124,5,67,0,233,0,109,0,25,0,23,25,44,28,4,51,37,7,29,2,3,0,0,0
8,"scope+check, no type check",30,5,161,0,233,156,109,59,25,0,0,25,0,1,4,28,0,0,2,2,3,0,0,0
8,scope+check,13,23,196,0,233,179,109,66,25,15,0,10,0,1,2,11,0,0,2,2,3,18,0,0
8,all gates,12,23,194,3,233,170,109,66,25,15,0,10,0,0,2,11,0,0,1,2,3,18,0,0
9,none,190,0,0,0,300,0,0,0,0,0,21,29,100,33,7,57,50,50,33,0,0,0,0,0
9,scope,128,5,67,0,233,0,105,0,27,0,21,27,44,31,5,53,37,7,31,0,5,0,0,0
9,"scope+check, no type check",35,5,160,0,233,153,105,55,27,0,0,27,0,3,5,32,0,0,3,0,5,0,0,0
9,scope+check,14,18,194,0,233,177,105,61,27,17,0,10,0,3,1,11,0,0,3,0,5,13,0,0
9,all gates,12,18,192,4,233,170,105,61,27,17,0,10,0,1,1,11,0,0,1,0,5,13,0,0
10,none,176,0,0,0,300,0,0,0,0,0,16,18,100,34,8,41,50,50,35,0,0,0,0,0
10,scope,111,2,67,0,233,0,122,0,15,0,13,15,44,31,8,35,37,7,32,0,2,0,0,0
10,"scope+check, no type check",27,2,151,0,233,155,122,64,15,0,0,15,0,4,8,22,0,0,5,0,2,0,0,0
10,scope+check,11,25,190,0,233,182,122,79,15,10,0,5,0,4,2,6,0,0,5,0,2,23,0,0
10,all gates,8,25,190,3,233,173,122,79,15,10,0,5,0,1,2,6,0,0,2,0,2,23,0,0
11,none,185,0,0,0,300,0,0,0,0,0,23,21,100,35,6,49,50,50,36,0,0,0,0,0
11,scope,123,5,67,0,233,0,110,0,19,0,22,19,44,34,4,44,37,7,35,1,4,0,0,0
11,"scope+check, no type check",27,6,164,0,233,158,110,60,19,0,0,19,0,4,4,22,0,0,5,1,4,0,1,0
11,scope+check,11,24,198,0,233,183,110,70,19,13,0,6,0,4,1,6,0,0,5,1,4,18,1,0
11,all gates,8,24,197,4,233,176,110,70,19,13,0,6,0,1,1,6,0,0,2,1,4,18,1,0
12,none,188,0,0,0,300,0,0,0,0,0,23,21,100,36,8,51,50,50,37,0,0,0,0,0
12,scope,126,5,67,0,233,0,107,0,21,0,21,21,44,33,7,48,37,7,34,0,5,0,0,0
12,"scope+check, no type check",31,5,162,0,233,148,107,46,21,0,0,21,0,3,7,27,0,0,4,0,5,0,0,0
12,scope+check,15,21,194,0,233,170,107,56,21,11,0,10,0,3,2,11,0,0,4,0,5,16,0,0
12,all gates,13,21,193,3,233,161,107,56,21,11,0,10,0,1,2,11,0,0,2,0,5,16,0,0
13,none,190,0,0,0,300,0,0,0,0,0,28,22,100,34,6,55,50,50,35,0,0,0,0,0
13,scope,130,7,67,0,233,0,103,0,21,0,26,21,44,33,6,52,37,7,34,1,6,0,0,0
13,"scope+check, no type check",31,8,167,0,233,158,103,55,21,0,0,21,0,4,6,26,0,0,5,1,6,0,1,0
13,scope+check,17,24,197,0,233,174,103,60,21,10,0,11,0,4,2,12,0,0,5,1,6,16,1,0
13,all gates,14,24,196,4,233,165,103,60,21,10,0,11,0,1,2,12,0,0,2,1,6,16,1,0
14,none,181,0,0,0,300,0,0,0,0,0,22,21,100,31,7,50,50,50,31,0,0,0,0,0
14,scope,120,6,67,0,233,0,113,0,19,0,22,19,44,29,6,47,37,7,29,1,5,0,0,0
14,"scope+check, no type check",28,6,159,0,233,154,113,57,19,0,0,19,0,3,6,25,0,0,3,1,5,0,0,0
14,scope+check,11,23,193,0,233,175,113,64,19,12,0,7,0,3,1,8,0,0,3,1,5,17,0,0
14,all gates,9,23,190,5,233,163,113,64,19,12,0,7,0,1,1,8,0,0,1,1,5,17,0,0
15,none,189,0,0,0,300,0,0,0,0,0,26,24,100,32,7,56,50,50,33,0,0,0,0,0
15,scope,128,6,67,0,233,0,105,0,24,0,25,24,44,29,6,54,37,7,30,0,6,0,0,0
15,"scope+check, no type check",32,6,163,0,233,146,105,48,24,0,0,24,0,2,6,29,0,0,3,0,6,0,0,0
15,scope+check,12,24,201,0,233,170,105,54,24,15,0,9,0,2,1,9,0,0,3,0,6,18,0,0
15,all gates,10,24,201,2,233,160,105,54,24,15,0,9,0,0,1,9,0,0,1,0,6,18,0,0
16,none,172,0,0,0,300,0,0,0,0,0,14,18,100,33,7,39,50,50,33,0,0,0,0,0
16,scope,110,5,67,0,233,0,123,0,17,0,13,17,44,31,5,35,37,7,31,0,5,0,0,0
16,"scope+check, no type check",24,6,154,0,233,154,123,66,17,0,0,17,0,2,5,22,0,0,2,0,5,0,1,0
16,scope+check,7,23,188,0,233,179,123,76,17,13,0,4,0,2,1,5,0,0,2,0,5,17,1,0
16,all gates,5,23,186,4,233,169,123,76,17,13,0,4,0,0,1,5,0,0,0,0,5,17,1,0
17,none,178,0,0,0,300,0,0,0,0,0,14,31,100,24,9,53,50,50,25,0,0,0,0,0
17,scope,118,7,67,0,233,0,115,0,31,0,13,31,44,23,7,50,37,7,24,1,6,0,0,0
17,"scope+check, no type check",42,8,144,0,233,137,115,56,31,0,0,31,0,4,7,37,0,0,5,1,6,0,1,0
17,scope+check,19,26,185,0,233,167,115,67,31,17,0,14,0,4,1,14,0,0,5,1,6,18,1,0
17,all gates,16,26,186,2,233,162,115,67,31,17,0,14,0,1,1,14,0,0,2,1,6,18,1,0
18,none,175,0,0,0,300,0,0,0,0,0,24,22,100,22,7,52,50,50,23,0,0,0,0,0
18,scope,112,4,67,0,233,0,121,0,20,0,23,20,44,19,6,48,37,7,20,0,4,0,0,0
18,"scope+check, no type check",27,4,152,0,233,159,121,70,20,0,0,20,0,1,6,25,0,0,2,0,4,0,0,0
18,scope+check,11,22,186,0,233,179,121,77,20,12,0,8,0,1,2,9,0,0,2,0,4,18,0,0
18,all gates,11,22,186,0,233,173,121,77,20,12,0,8,0,1,2,9,0,0,2,0,4,18,0,0
19,none,175,0,0,0,300,0,0,0,0,0,18,22,100,26,9,48,50,50,27,0,0,0,0,0
19,scope,112,4,67,0,233,0,121,0,21,0,17,21,44,23,7,44,37,7,24,0,4,0,0,0
19,"scope+check, no type check",31,4,148,0,233,149,121,63,21,0,0,21,0,3,7,27,0,0,4,0,4,0,0,0
19,scope+check,11,21,185,0,233,169,121,66,21,15,0,6,0,3,2,7,0,0,4,0,4,17,0,0
19,all gates,9,21,185,2,233,162,121,66,21,15,0,6,0,1,2,7,0,0,2,0,4,17,0,0
20,none,171,0,0,0,300,0,0,0,0,0,22,15,100,29,5,42,50,50,29,0,0,0,0,0
20,scope,111,7,67,0,233,0,122,0,15,0,18,15,44,29,5,38,37,7,29,2,5,0,0,0
20,"scope+check, no type check",23,8,156,0,233,153,122,63,15,0,0,15,0,3,5,20,0,0,3,2,5,0,1,0
20,scope+check,11,29,189,0,233,172,122,72,15,7,0,8,0,3,0,8,0,0,3,2,5,21,1,0
20,all gates,8,29,189,3,233,166,122,72,15,7,0,8,0,0,0,8,0,0,0,2,5,21,1,0
