config,tau,seed,unsafe,false_handoffs,handoffs,drafted,tier2
scope,0.0,1,119,0,58,242,0
scope,0.0,2,130,0,58,242,0
scope,0.0,3,119,1,58,242,0
scope,0.0,4,127,1,58,242,0
scope,0.0,5,116,1,58,242,0
scope,0.0,6,122,1,58,242,0
scope,0.0,7,118,2,58,242,0
scope,0.0,8,130,2,58,242,0
scope,0.0,9,132,0,58,242,0
scope,0.0,10,118,0,58,242,0
scope,0.0,11,128,1,58,242,0
scope,0.0,12,130,0,58,242,0
scope,0.0,13,133,1,58,242,0
scope,0.0,14,124,1,58,242,0
scope,0.0,15,131,0,58,242,0
scope,0.0,16,114,0,58,242,0
scope,0.0,17,121,1,58,242,0
scope,0.0,18,117,0,58,242,0
scope,0.0,19,117,0,58,242,0
scope,0.0,20,115,2,58,242,0
all gates,0.0,1,10,22,186,242,172
all gates,0.0,2,8,21,197,242,177
all gates,0.0,3,11,22,185,242,177
all gates,0.0,4,9,26,198,242,179
all gates,0.0,5,10,24,185,242,166
all gates,0.0,6,13,18,181,242,170
all gates,0.0,7,8,21,183,242,176
all gates,0.0,8,13,21,191,242,177
all gates,0.0,9,13,16,189,242,178
all gates,0.0,10,9,24,188,242,180
all gates,0.0,11,9,21,193,242,181
all gates,0.0,12,13,18,190,242,168
all gates,0.0,13,14,21,193,242,173
all gates,0.0,14,10,22,188,242,170
all gates,0.0,15,10,20,197,242,165
all gates,0.0,16,5,20,183,242,176
all gates,0.0,17,16,23,183,242,169
all gates,0.0,18,11,19,183,242,179
all gates,0.0,19,9,18,182,242,167
all gates,0.0,20,8,27,187,242,173
scope,0.1,1,119,0,58,242,0
scope,0.1,2,130,0,58,242,0
scope,0.1,3,119,1,58,242,0
scope,0.1,4,127,1,58,242,0
scope,0.1,5,116,1,58,242,0
scope,0.1,6,122,1,58,242,0
scope,0.1,7,118,2,58,242,0
scope,0.1,8,130,2,58,242,0
scope,0.1,9,132,0,58,242,0
scope,0.1,10,118,0,58,242,0
scope,0.1,11,128,1,58,242,0
scope,0.1,12,130,0,58,242,0
scope,0.1,13,133,1,58,242,0
scope,0.1,14,124,1,58,242,0
scope,0.1,15,131,0,58,242,0
scope,0.1,16,114,0,58,242,0
scope,0.1,17,121,1,58,242,0
scope,0.1,18,117,0,58,242,0
scope,0.1,19,117,0,58,242,0
scope,0.1,20,115,2,58,242,0
all gates,0.1,1,10,22,186,242,172
all gates,0.1,2,8,21,197,242,177
all gates,0.1,3,11,22,185,242,177
all gates,0.1,4,9,26,198,242,179
all gates,0.1,5,10,24,185,242,166
all gates,0.1,6,13,18,181,242,170
all gates,0.1,7,8,21,183,242,176
all gates,0.1,8,13,21,191,242,177
all gates,0.1,9,13,16,189,242,178
all gates,0.1,10,9,24,188,242,180
all gates,0.1,11,9,21,193,242,181
all gates,0.1,12,13,18,190,242,168
all gates,0.1,13,14,21,193,242,173
all gates,0.1,14,10,22,188,242,170
all gates,0.1,15,10,20,197,242,165
all gates,0.1,16,5,20,183,242,176
all gates,0.1,17,16,23,183,242,169
all gates,0.1,18,11,19,183,242,179
all gates,0.1,19,9,18,182,242,167
all gates,0.1,20,8,27,187,242,173
scope,0.2,1,117,7,67,233,0
scope,0.2,2,127,6,67,233,0
scope,0.2,3,113,4,67,233,0
scope,0.2,4,124,7,67,233,0
scope,0.2,5,111,5,67,233,0
scope,0.2,6,117,5,67,233,0
scope,0.2,7,114,7,67,233,0
scope,0.2,8,124,5,67,233,0
scope,0.2,9,128,5,67,233,0
scope,0.2,10,111,2,67,233,0
scope,0.2,11,123,5,67,233,0
scope,0.2,12,126,5,67,233,0
scope,0.2,13,130,7,67,233,0
scope,0.2,14,120,6,67,233,0
scope,0.2,15,128,6,67,233,0
scope,0.2,16,110,5,67,233,0
scope,0.2,17,118,7,67,233,0
scope,0.2,18,112,4,67,233,0
scope,0.2,19,112,4,67,233,0
scope,0.2,20,111,7,67,233,0
all gates,0.2,1,10,26,190,233,163
all gates,0.2,2,8,24,200,233,169
all gates,0.2,3,10,24,188,233,171
all gates,0.2,4,9,30,202,233,174
all gates,0.2,5,10,26,187,233,160
all gates,0.2,6,13,21,184,233,162
all gates,0.2,7,8,24,186,233,169
all gates,0.2,8,12,23,194,233,170
all gates,0.2,9,12,18,192,233,170
all gates,0.2,10,8,25,190,233,173
all gates,0.2,11,8,24,197,233,176
all gates,0.2,12,13,21,193,233,161
all gates,0.2,13,14,24,196,233,165
all gates,0.2,14,9,23,190,233,163
all gates,0.2,15,10,24,201,233,160
all gates,0.2,16,5,23,186,233,169
all gates,0.2,17,16,26,186,233,162
all gates,0.2,18,11,22,186,233,173
all gates,0.2,19,9,21,185,233,162
all gates,0.2,20,8,29,189,233,166
scope,0.3,1,93,23,107,193,0
scope,0.3,2,101,20,107,193,0
scope,0.3,3,87,18,107,193,0
scope,0.3,4,97,20,107,193,0
scope,0.3,5,86,20,107,193,0
scope,0.3,6,87,15,107,193,0
scope,0.3,7,84,17,107,193,0
scope,0.3,8,94,15,107,193,0
scope,0.3,9,99,16,107,193,0
scope,0.3,10,84,15,107,193,0
scope,0.3,11,96,18,107,193,0
scope,0.3,12,98,17,107,193,0
scope,0.3,13,103,20,107,193,0
scope,0.3,14,94,20,107,193,0
scope,0.3,15,101,19,107,193,0
scope,0.3,16,84,19,107,193,0
scope,0.3,17,92,21,107,193,0
scope,0.3,18,84,16,107,193,0
scope,0.3,19,89,21,107,193,0
scope,0.3,20,85,21,107,193,0
all gates,0.3,1,10,39,203,193,132
all gates,0.3,2,7,35,212,193,137
all gates,0.3,3,8,36,202,193,140
all gates,0.3,4,9,39,211,193,143
all gates,0.3,5,9,38,200,193,129
all gates,0.3,6,12,29,193,193,130
all gates,0.3,7,7,31,194,193,137
all gates,0.3,8,9,30,204,193,139
all gates,0.3,9,7,27,206,193,140
all gates,0.3,10,8,35,200,193,141
all gates,0.3,11,8,33,206,193,142
all gates,0.3,12,12,31,204,193,130
all gates,0.3,13,13,32,205,193,132
all gates,0.3,14,9,34,201,193,131
all gates,0.3,15,8,33,212,193,128
all gates,0.3,16,4,34,198,193,137
all gates,0.3,17,14,36,198,193,129
all gates,0.3,18,8,31,198,193,141
all gates,0.3,19,8,35,200,193,131
all gates,0.3,20,6,39,201,193,135
scope,0.4,1,63,32,146,154,0
scope,0.4,2,75,33,146,154,0
scope,0.4,3,63,33,146,154,0
scope,0.4,4,71,33,146,154,0
scope,0.4,5,61,34,146,154,0
scope,0.4,6,61,28,146,154,0
scope,0.4,7,60,32,146,154,0
scope,0.4,8,67,27,146,154,0
scope,0.4,9,73,29,146,154,0
scope,0.4,10,58,28,146,154,0
scope,0.4,11,67,28,146,154,0
scope,0.4,12,68,26,146,154,0
scope,0.4,13,76,32,146,154,0
scope,0.4,14,63,28,146,154,0
scope,0.4,15,72,29,146,154,0
scope,0.4,16,58,32,146,154,0
scope,0.4,17,66,34,146,154,0
scope,0.4,18,59,30,146,154,0
scope,0.4,19,66,37,146,154,0
scope,0.4,20,60,35,146,154,0
all gates,0.4,1,8,45,213,154,103
all gates,0.4,2,7,46,225,154,110
all gates,0.4,3,7,47,215,154,110
all gates,0.4,4,9,49,223,154,115
all gates,0.4,5,8,49,213,154,100
all gates,0.4,6,10,40,208,154,99
all gates,0.4,7,7,43,208,154,106
all gates,0.4,8,8,40,217,154,109
all gates,0.4,9,7,39,221,154,109
all gates,0.4,10,6,44,212,154,110
all gates,0.4,11,7,41,217,154,111
all gates,0.4,12,10,38,214,154,103
all gates,0.4,13,12,42,218,154,105
all gates,0.4,14,8,41,212,154,104
all gates,0.4,15,4,40,224,154,102
all gates,0.4,16,3,45,212,154,106
all gates,0.4,17,12,46,210,154,98
all gates,0.4,18,6,42,211,154,110
all gates,0.4,19,7,47,214,154,101
all gates,0.4,20,6,50,213,154,106
scope,0.5,1,56,47,168,132,0
scope,0.5,2,66,46,168,132,0
scope,0.5,3,53,45,168,132,0
scope,0.5,4,63,47,168,132,0
scope,0.5,5,53,48,168,132,0
scope,0.5,6,53,42,168,132,0
scope,0.5,7,53,47,168,132,0
scope,0.5,8,59,41,168,132,0
scope,0.5,9,64,42,168,132,0
scope,0.5,10,52,44,168,132,0
scope,0.5,11,57,40,168,132,0
scope,0.5,12,65,45,168,132,0
scope,0.5,13,68,46,168,132,0
scope,0.5,14,56,43,168,132,0
scope,0.5,15,66,45,168,132,0
scope,0.5,16,49,45,168,132,0
scope,0.5,17,63,53,168,132,0
scope,0.5,18,50,43,168,132,0
scope,0.5,19,57,50,168,132,0
scope,0.5,20,52,49,168,132,0
all gates,0.5,1,7,55,224,132,87
all gates,0.5,2,6,56,237,132,96
all gates,0.5,3,7,57,226,132,94
all gates,0.5,4,7,59,236,132,101
all gates,0.5,5,7,60,226,132,87
all gates,0.5,6,10,53,221,132,86
all gates,0.5,7,5,56,224,132,97
all gates,0.5,8,7,52,231,132,97
all gates,0.5,9,7,51,233,132,95
all gates,0.5,10,6,57,226,132,94
all gates,0.5,11,6,51,229,132,96
all gates,0.5,12,10,54,231,132,90
all gates,0.5,13,11,54,232,132,94
all gates,0.5,14,7,53,226,132,89
all gates,0.5,15,4,54,238,132,91
all gates,0.5,16,2,57,226,132,95
all gates,0.5,17,11,60,226,132,87
all gates,0.5,18,5,54,224,132,95
all gates,0.5,19,6,58,227,132,88
all gates,0.5,20,4,61,227,132,95
scope,0.6,1,25,64,216,84,0
scope,0.6,2,33,61,216,84,0
scope,0.6,3,25,65,216,84,0
scope,0.6,4,34,66,216,84,0
scope,0.6,5,27,70,216,84,0
scope,0.6,6,27,64,216,84,0
scope,0.6,7,28,70,216,84,0
scope,0.6,8,33,63,216,84,0
scope,0.6,9,33,59,216,84,0
scope,0.6,10,23,63,216,84,0
scope,0.6,11,26,57,216,84,0
scope,0.6,12,35,63,216,84,0
scope,0.6,13,37,63,216,84,0
scope,0.6,14,27,62,216,84,0
scope,0.6,15,33,60,216,84,0
scope,0.6,16,21,65,216,84,0
scope,0.6,17,38,76,216,84,0
scope,0.6,18,26,67,216,84,0
scope,0.6,19,29,70,216,84,0
scope,0.6,20,23,68,216,84,0
all gates,0.6,1,5,70,242,84,54
all gates,0.6,2,5,69,252,84,55
all gates,0.6,3,6,74,244,84,53
all gates,0.6,4,7,74,251,84,65
all gates,0.6,5,6,79,246,84,51
all gates,0.6,6,6,71,244,84,54
all gates,0.6,7,4,75,245,84,58
all gates,0.6,8,6,69,249,84,59
all gates,0.6,9,6,66,250,84,59
all gates,0.6,10,4,72,244,84,56
all gates,0.6,11,4,64,245,84,56
all gates,0.6,12,7,70,251,84,55
all gates,0.6,13,7,67,250,84,55
all gates,0.6,14,4,71,248,84,54
all gates,0.6,15,4,66,251,84,55
all gates,0.6,16,1,73,244,84,61
all gates,0.6,17,9,79,248,84,51
all gates,0.6,18,4,76,247,84,58
all gates,0.6,19,5,75,245,84,53
all gates,0.6,20,3,78,246,84,58
