run,key,stale,cache_hits,model_calls,shipped
1,naive,13,642,322,753
1,versioned,0,626,338,753
2,naive,12,624,322,735
2,versioned,0,607,339,735
3,naive,12,630,312,741
3,versioned,0,614,328,741
4,naive,9,643,305,754
4,versioned,0,626,322,754
5,naive,13,645,304,756
5,versioned,0,627,322,756
6,naive,19,641,304,752
6,versioned,0,625,320,752
7,naive,12,651,296,762
7,versioned,0,636,311,762
8,naive,14,632,322,743
8,versioned,0,614,340,743
9,naive,11,617,318,727
9,versioned,0,602,333,727
10,naive,13,630,312,741
10,versioned,0,615,327,741
11,naive,15,633,326,743
11,versioned,0,616,343,743
12,naive,15,643,311,753
12,versioned,0,627,327,753
13,naive,12,610,329,721
13,versioned,0,592,347,721
14,naive,17,655,307,766
14,versioned,0,637,325,766
15,naive,6,619,324,730
15,versioned,0,603,340,730
16,naive,8,607,345,718
16,versioned,0,592,360,718
17,naive,7,629,309,740
17,versioned,0,612,326,740
18,naive,15,610,327,720
18,versioned,0,592,345,720
19,naive,19,644,305,755
19,versioned,0,627,322,755
20,naive,16,612,346,723
20,versioned,0,597,361,723
