run,replies,pending_after_crash,events_in_kafka,duplicates,rebuilt,mismatches
1,300,175,325,25,300,0
2,300,175,325,25,300,0
3,300,175,325,25,300,0
4,300,175,325,25,300,0
5,300,175,325,25,300,0
6,300,175,325,25,300,0
7,300,175,325,25,300,0
8,300,175,325,25,300,0
9,300,175,325,25,300,0
10,300,175,325,25,300,0
11,300,175,325,25,300,0
12,300,175,325,25,300,0
13,300,175,325,25,300,0
14,300,175,325,25,300,0
15,300,175,325,25,300,0
16,300,175,325,25,300,0
17,300,175,325,25,300,0
18,300,175,325,25,300,0
19,300,175,325,25,300,0
20,300,175,325,25,300,0
