seed,traffic,keys,requests,A_wrong_pct,A_false_allow_pct,A_false_limit_pct,A_rate_error_pct,B_worst_60s_any_key,B_keys_over_100,B_keys_with_rate_over_100,B_counter_allowed,B_log_allowed
0,uniform,10000,10420658,0.9688,0.4056,0.5632,2.39,117,4883,4118,6940173,6960367
1,uniform,10000,10398185,1.0243,0.4092,0.6151,2.4,119,4910,4091,6957216,6976910
2,uniform,10000,10441633,1.011,0.4096,0.6015,2.4,117,4920,4092,6949152,6969582
3,uniform,10000,10289022,1.0285,0.4258,0.6026,2.39,118,4837,4047,6888604,6907989
4,uniform,10000,10273802,0.993,0.3968,0.5962,2.41,118,4832,4012,6896316,6915936
0,bursty,10000,10352540,3.0886,1.334,1.7546,7.34,157,6357,4097,6547128,6490467
1,bursty,10000,10182180,3.0931,1.3282,1.7649,7.34,150,6261,3996,6486752,6430905
2,bursty,10000,10324760,3.0949,1.3706,1.7243,7.28,154,6342,4083,6539084,6480074
3,bursty,10000,10411390,3.1081,1.3139,1.7943,7.31,153,6400,4095,6563003,6508878
4,bursty,10000,10386080,2.9842,1.3057,1.6786,7.25,154,6331,4023,6527856,6471934
