run,limiter,sent,limit,allowed
0,naive GET + INCR,500,100,108
0,MULTI/EXEC,500,100,100
0,Lua script,500,100,100
1,naive GET + INCR,500,100,112
1,MULTI/EXEC,500,100,100
1,Lua script,500,100,100
2,naive GET + INCR,500,100,112
2,MULTI/EXEC,500,100,100
2,Lua script,500,100,100
3,naive GET + INCR,500,100,112
3,MULTI/EXEC,500,100,100
3,Lua script,500,100,100
4,naive GET + INCR,500,100,109
4,MULTI/EXEC,500,100,100
4,Lua script,500,100,100
5,naive GET + INCR,500,100,115
5,MULTI/EXEC,500,100,100
5,Lua script,500,100,100
6,naive GET + INCR,500,100,109
6,MULTI/EXEC,500,100,100
6,Lua script,500,100,100
7,naive GET + INCR,500,100,108
7,MULTI/EXEC,500,100,100
7,Lua script,500,100,100
8,naive GET + INCR,500,100,107
8,MULTI/EXEC,500,100,100
8,Lua script,500,100,100
9,naive GET + INCR,500,100,111
9,MULTI/EXEC,500,100,100
9,Lua script,500,100,100
10,naive GET + INCR,500,100,106
10,MULTI/EXEC,500,100,100
10,Lua script,500,100,100
11,naive GET + INCR,500,100,109
11,MULTI/EXEC,500,100,100
11,Lua script,500,100,100
12,naive GET + INCR,500,100,111
12,MULTI/EXEC,500,100,100
12,Lua script,500,100,100
13,naive GET + INCR,500,100,108
13,MULTI/EXEC,500,100,100
13,Lua script,500,100,100
14,naive GET + INCR,500,100,109
14,MULTI/EXEC,500,100,100
14,Lua script,500,100,100
15,naive GET + INCR,500,100,107
15,MULTI/EXEC,500,100,100
15,Lua script,500,100,100
16,naive GET + INCR,500,100,109
16,MULTI/EXEC,500,100,100
16,Lua script,500,100,100
17,naive GET + INCR,500,100,111
17,MULTI/EXEC,500,100,100
17,Lua script,500,100,100
18,naive GET + INCR,500,100,111
18,MULTI/EXEC,500,100,100
18,Lua script,500,100,100
19,naive GET + INCR,500,100,108
19,MULTI/EXEC,500,100,100
19,Lua script,500,100,100
