t_ms,estimate,exact_last_60s,allowed
59500,0.0,1,1
59505,1.0,2,1
59510,2.0,3,1
59515,3.0,4,1
59520,4.0,5,1
59525,5.0,6,1
59530,6.0,7,1
59535,7.0,8,1
59540,8.0,9,1
59545,9.0,10,1
59550,10.0,11,1
59555,11.0,12,1
59560,12.0,13,1
59565,13.0,14,1
59570,14.0,15,1
59575,15.0,16,1
59580,16.0,17,1
59585,17.0,18,1
59590,18.0,19,1
59595,19.0,20,1
59600,20.0,21,1
59605,21.0,22,1
59610,22.0,23,1
59615,23.0,24,1
59620,24.0,25,1
59625,25.0,26,1
59630,26.0,27,1
59635,27.0,28,1
59640,28.0,29,1
59645,29.0,30,1
59650,30.0,31,1
59655,31.0,32,1
59660,32.0,33,1
59665,33.0,34,1
59670,34.0,35,1
59675,35.0,36,1
59680,36.0,37,1
59685,37.0,38,1
59690,38.0,39,1
59695,39.0,40,1
59700,40.0,41,1
59705,41.0,42,1
59710,42.0,43,1
59715,43.0,44,1
59720,44.0,45,1
59725,45.0,46,1
59730,46.0,47,1
59735,47.0,48,1
59740,48.0,49,1
59745,49.0,50,1
59750,50.0,51,1
59755,51.0,52,1
59760,52.0,53,1
59765,53.0,54,1
59770,54.0,55,1
59775,55.0,56,1
59780,56.0,57,1
59785,57.0,58,1
59790,58.0,59,1
59795,59.0,60,1
59800,60.0,61,1
59805,61.0,62,1
59810,62.0,63,1
59815,63.0,64,1
59820,64.0,65,1
59825,65.0,66,1
59830,66.0,67,1
59835,67.0,68,1
59840,68.0,69,1
59845,69.0,70,1
59850,70.0,71,1
59855,71.0,72,1
59860,72.0,73,1
59865,73.0,74,1
59870,74.0,75,1
59875,75.0,76,1
59880,76.0,77,1
59885,77.0,78,1
59890,78.0,79,1
59895,79.0,80,1
59900,80.0,81,1
59905,81.0,82,1
59910,82.0,83,1
59915,83.0,84,1
59920,84.0,85,1
59925,85.0,86,1
59930,86.0,87,1
59935,87.0,88,1
59940,88.0,89,1
59945,89.0,90,1
59950,90.0,91,1
59955,91.0,92,1
59960,92.0,93,1
59965,93.0,94,1
59970,94.0,95,1
59975,95.0,96,1
59980,96.0,97,1
59985,97.0,98,1
59990,98.0,99,1
59995,99.0,100,1
60000,100.0,100,0
60005,99.992,100,0
60010,99.983,100,0
60015,99.975,100,0
60020,99.967,100,0
60025,99.958,100,0
60030,99.95,100,0
60035,99.942,100,0
60040,99.933,100,0
60045,99.925,100,0
60050,99.917,100,0
60055,99.908,100,0
60060,99.9,100,0
60065,99.892,100,0
60070,99.883,100,0
60075,99.875,100,0
60080,99.867,100,0
60085,99.858,100,0
60090,99.85,100,0
60095,99.842,100,0
60100,99.833,100,0
60105,99.825,100,0
60110,99.817,100,0
60115,99.808,100,0
60120,99.8,100,0
60125,99.792,100,0
60130,99.783,100,0
60135,99.775,100,0
60140,99.767,100,0
60145,99.758,100,0
60150,99.75,100,0
60155,99.742,100,0
60160,99.733,100,0
60165,99.725,100,0
60170,99.717,100,0
60175,99.708,100,0
60180,99.7,100,0
60185,99.692,100,0
60190,99.683,100,0
60195,99.675,100,0
60200,99.667,100,0
60205,99.658,100,0
60210,99.65,100,0
60215,99.642,100,0
60220,99.633,100,0
60225,99.625,100,0
60230,99.617,100,0
60235,99.608,100,0
60240,99.6,100,0
60245,99.592,100,0
60250,99.583,100,0
60255,99.575,100,0
60260,99.567,100,0
60265,99.558,100,0
60270,99.55,100,0
60275,99.542,100,0
60280,99.533,100,0
60285,99.525,100,0
60290,99.517,100,0
60295,99.508,100,0
60300,99.5,100,0
60305,99.492,100,0
60310,99.483,100,0
60315,99.475,100,0
60320,99.467,100,0
60325,99.458,100,0
60330,99.45,100,0
60335,99.442,100,0
60340,99.433,100,0
60345,99.425,100,0
60350,99.417,100,0
60355,99.408,100,0
60360,99.4,100,0
60365,99.392,100,0
60370,99.383,100,0
60375,99.375,100,0
60380,99.367,100,0
60385,99.358,100,0
60390,99.35,100,0
60395,99.342,100,0
60400,99.333,100,0
60405,99.325,100,0
60410,99.317,100,0
60415,99.308,100,0
60420,99.3,100,0
60425,99.292,100,0
60430,99.283,100,0
60435,99.275,100,0
60440,99.267,100,0
60445,99.258,100,0
60450,99.25,100,0
60455,99.242,100,0
60460,99.233,100,0
60465,99.225,100,0
60470,99.217,100,0
60475,99.208,100,0
60480,99.2,100,0
60485,99.192,100,0
60490,99.183,100,0
60495,99.175,100,0
60600,99.0,101,1
60800,99.667,101,0
61000,99.333,101,0
61200,99.0,102,1
61400,99.667,102,0
61600,99.333,102,0
61800,99.0,103,1
62000,99.667,103,0
62200,99.333,103,0
62400,99.0,104,1
62600,99.667,104,0
62800,99.333,104,0
63000,99.0,105,1
63200,99.667,105,0
63400,99.333,105,0
63600,99.0,106,1
63800,99.667,106,0
64000,99.333,106,0
64200,99.0,107,1
64400,99.667,107,0
64600,99.333,107,0
64800,99.0,108,1
65000,99.667,108,0
65200,99.333,108,0
65400,99.0,109,1
65600,99.667,109,0
65800,99.333,109,0
66000,99.0,110,1
66200,99.667,110,0
66400,99.333,110,0
66600,99.0,111,1
66800,99.667,111,0
67000,99.333,111,0
67200,99.0,112,1
67400,99.667,112,0
67600,99.333,112,0
67800,99.0,113,1
68000,99.667,113,0
68200,99.333,113,0
68400,99.0,114,1
68600,99.667,114,0
68800,99.333,114,0
69000,99.0,115,1
69200,99.667,115,0
69400,99.333,115,0
69600,99.0,116,1
69800,99.667,116,0
70000,99.333,116,0
70200,99.0,117,1
70400,99.667,117,0
70600,99.333,117,0
70800,99.0,118,1
71000,99.667,118,0
71200,99.333,118,0
71400,99.0,119,1
71600,99.667,119,0
71800,99.333,119,0
72000,99.0,120,1
72200,99.667,120,0
72400,99.333,120,0
72600,99.0,121,1
72800,99.667,121,0
73000,99.333,121,0
73200,99.0,122,1
73400,99.667,122,0
73600,99.333,122,0
73800,99.0,123,1
74000,99.667,123,0
74200,99.333,123,0
74400,99.0,124,1
74600,99.667,124,0
74800,99.333,124,0
75000,99.0,125,1
75200,99.667,125,0
75400,99.333,125,0
75600,99.0,126,1
75800,99.667,126,0
76000,99.333,126,0
76200,99.0,127,1
76400,99.667,127,0
76600,99.333,127,0
76800,99.0,128,1
77000,99.667,128,0
77200,99.333,128,0
77400,99.0,129,1
77600,99.667,129,0
77800,99.333,129,0
78000,99.0,130,1
78200,99.667,130,0
78400,99.333,130,0
78600,99.0,131,1
78800,99.667,131,0
79000,99.333,131,0
79200,99.0,132,1
79400,99.667,132,0
79600,99.333,132,0
79800,99.0,133,1
80000,99.667,133,0
80200,99.333,133,0
80400,99.0,134,1
80600,99.667,134,0
80800,99.333,134,0
81000,99.0,135,1
81200,99.667,135,0
81400,99.333,135,0
81600,99.0,136,1
81800,99.667,136,0
82000,99.333,136,0
82200,99.0,137,1
82400,99.667,137,0
82600,99.333,137,0
82800,99.0,138,1
83000,99.667,138,0
83200,99.333,138,0
83400,99.0,139,1
83600,99.667,139,0
83800,99.333,139,0
84000,99.0,140,1
84200,99.667,140,0
84400,99.333,140,0
84600,99.0,141,1
84800,99.667,141,0
85000,99.333,141,0
85200,99.0,142,1
85400,99.667,142,0
85600,99.333,142,0
85800,99.0,143,1
86000,99.667,143,0
86200,99.333,143,0
86400,99.0,144,1
86600,99.667,144,0
86800,99.333,144,0
87000,99.0,145,1
87200,99.667,145,0
87400,99.333,145,0
87600,99.0,146,1
87800,99.667,146,0
88000,99.333,146,0
88200,99.0,147,1
88400,99.667,147,0
88600,99.333,147,0
88800,99.0,148,1
89000,99.667,148,0
89200,99.333,148,0
89400,99.0,149,1
89600,99.667,149,0
89800,99.333,149,0
90000,99.0,150,1
90200,99.667,150,0
90400,99.333,150,0
90600,99.0,151,1
90800,99.667,151,0
91000,99.333,151,0
91200,99.0,152,1
91400,99.667,152,0
91600,99.333,152,0
91800,99.0,153,1
92000,99.667,153,0
92200,99.333,153,0
92400,99.0,154,1
92600,99.667,154,0
92800,99.333,154,0
93000,99.0,155,1
93200,99.667,155,0
93400,99.333,155,0
93600,99.0,156,1
93800,99.667,156,0
94000,99.333,156,0
94200,99.0,157,1
94400,99.667,157,0
94600,99.333,157,0
94800,99.0,158,1
95000,99.667,158,0
95200,99.333,158,0
95400,99.0,159,1
95600,99.667,159,0
95800,99.333,159,0
96000,99.0,160,1
96200,99.667,160,0
96400,99.333,160,0
96600,99.0,161,1
96800,99.667,161,0
97000,99.333,161,0
97200,99.0,162,1
97400,99.667,162,0
97600,99.333,162,0
97800,99.0,163,1
98000,99.667,163,0
98200,99.333,163,0
98400,99.0,164,1
98600,99.667,164,0
98800,99.333,164,0
99000,99.0,165,1
99200,99.667,165,0
99400,99.333,165,0
99600,99.0,166,1
99800,99.667,166,0
100000,99.333,166,0
100200,99.0,167,1
100400,99.667,167,0
100600,99.333,167,0
100800,99.0,168,1
101000,99.667,168,0
101200,99.333,168,0
101400,99.0,169,1
101600,99.667,169,0
101800,99.333,169,0
102000,99.0,170,1
102200,99.667,170,0
102400,99.333,170,0
102600,99.0,171,1
102800,99.667,171,0
103000,99.333,171,0
103200,99.0,172,1
103400,99.667,172,0
103600,99.333,172,0
103800,99.0,173,1
104000,99.667,173,0
104200,99.333,173,0
104400,99.0,174,1
104600,99.667,174,0
104800,99.333,174,0
105000,99.0,175,1
105200,99.667,175,0
105400,99.333,175,0
105600,99.0,176,1
105800,99.667,176,0
106000,99.333,176,0
106200,99.0,177,1
106400,99.667,177,0
106600,99.333,177,0
106800,99.0,178,1
107000,99.667,178,0
107200,99.333,178,0
107400,99.0,179,1
107600,99.667,179,0
107800,99.333,179,0
108000,99.0,180,1
108200,99.667,180,0
108400,99.333,180,0
108600,99.0,181,1
108800,99.667,181,0
109000,99.333,181,0
109200,99.0,182,1
109400,99.667,182,0
109600,99.333,182,0
109800,99.0,183,1
110000,99.667,183,0
110200,99.333,183,0
110400,99.0,184,1
110600,99.667,184,0
110800,99.333,184,0
111000,99.0,185,1
111200,99.667,185,0
111400,99.333,185,0
111600,99.0,186,1
111800,99.667,186,0
112000,99.333,186,0
112200,99.0,187,1
112400,99.667,187,0
112600,99.333,187,0
112800,99.0,188,1
113000,99.667,188,0
113200,99.333,188,0
113400,99.0,189,1
113600,99.667,189,0
113800,99.333,189,0
114000,99.0,190,1
114200,99.667,190,0
114400,99.333,190,0
114600,99.0,191,1
114800,99.667,191,0
115000,99.333,191,0
115200,99.0,192,1
115400,99.667,192,0
115600,99.333,192,0
115800,99.0,193,1
116000,99.667,193,0
116200,99.333,193,0
116400,99.0,194,1
116600,99.667,194,0
116800,99.333,194,0
117000,99.0,195,1
117200,99.667,195,0
117400,99.333,195,0
117600,99.0,196,1
117800,99.667,196,0
118000,99.333,196,0
118200,99.0,197,1
118400,99.667,197,0
118600,99.333,197,0
118800,99.0,198,1
119000,99.667,198,0
119200,99.333,198,0
119400,99.0,199,1
119600,99.667,178,0
119800,99.333,138,0
120000,99.0,100,1
120200,99.67,100,0
120400,99.34,100,0
120600,99.01,99,0
120800,98.68,100,1
121000,99.35,100,0
121200,99.02,99,0
121400,98.69,100,1
121600,99.36,100,0
121800,99.03,99,0
122000,98.7,100,1
122200,99.37,100,0
122400,99.04,99,0
122600,98.71,100,1
122800,99.38,100,0
123000,99.05,99,0
123200,98.72,100,1
123400,99.39,100,0
123600,99.06,99,0
123800,98.73,100,1
124000,99.4,100,0
124200,99.07,99,0
124400,98.74,100,1
124600,99.41,100,0
124800,99.08,99,0
125000,98.75,100,1
125200,99.42,100,0
125400,99.09,99,0
125600,98.76,100,1
125800,99.43,100,0
126000,99.1,99,0
126200,98.77,100,1
126400,99.44,100,0
126600,99.11,99,0
126800,98.78,100,1
127000,99.45,100,0
127200,99.12,99,0
127400,98.79,100,1
127600,99.46,100,0
127800,99.13,99,0
128000,98.8,100,1
128200,99.47,100,0
128400,99.14,99,0
128600,98.81,100,1
128800,99.48,100,0
129000,99.15,99,0
129200,98.82,100,1
129400,99.49,100,0
129600,99.16,99,0
129800,98.83,100,1
130000,99.5,100,0
130200,99.17,99,0
130400,98.84,100,1
130600,99.51,100,0
130800,99.18,99,0
131000,98.85,100,1
131200,99.52,100,0
131400,99.19,99,0
131600,98.86,100,1
131800,99.53,100,0
132000,99.2,99,0
132200,98.87,100,1
132400,99.54,100,0
132600,99.21,99,0
132800,98.88,100,1
133000,99.55,100,0
133200,99.22,99,0
133400,98.89,100,1
133600,99.56,100,0
133800,99.23,99,0
134000,98.9,100,1
134200,99.57,100,0
134400,99.24,99,0
134600,98.91,100,1
134800,99.58,100,0
135000,99.25,99,0
135200,98.92,100,1
135400,99.59,100,0
135600,99.26,99,0
135800,98.93,100,1
136000,99.6,100,0
136200,99.27,99,0
136400,98.94,100,1
136600,99.61,100,0
136800,99.28,99,0
137000,98.95,100,1
137200,99.62,100,0
137400,99.29,99,0
137600,98.96,100,1
137800,99.63,100,0
138000,99.3,99,0
138200,98.97,100,1
138400,99.64,100,0
138600,99.31,99,0
138800,98.98,100,1
139000,99.65,100,0
139200,99.32,99,0
139400,98.99,100,1
139600,99.66,100,0
139800,99.33,99,0
140000,99.0,100,1
140200,99.67,100,0
140400,99.34,99,0
140600,99.01,99,0
140800,98.68,100,1
141000,99.35,99,0
141200,99.02,99,0
141400,98.69,100,1
141600,99.36,99,0
141800,99.03,99,0
142000,98.7,100,1
142200,99.37,99,0
142400,99.04,99,0
142600,98.71,100,1
142800,99.38,99,0
143000,99.05,99,0
143200,98.72,100,1
143400,99.39,99,0
143600,99.06,99,0
143800,98.73,100,1
144000,99.4,99,0
144200,99.07,99,0
144400,98.74,100,1
144600,99.41,99,0
144800,99.08,99,0
145000,98.75,100,1
145200,99.42,99,0
145400,99.09,99,0
145600,98.76,100,1
145800,99.43,99,0
146000,99.1,99,0
146200,98.77,100,1
146400,99.44,99,0
146600,99.11,99,0
146800,98.78,100,1
147000,99.45,99,0
147200,99.12,99,0
147400,98.79,100,1
147600,99.46,99,0
147800,99.13,99,0
148000,98.8,100,1
148200,99.47,99,0
148400,99.14,99,0
148600,98.81,100,1
148800,99.48,99,0
149000,99.15,99,0
149200,98.82,100,1
149400,99.49,99,0
149600,99.16,99,0
149800,98.83,100,1
150000,99.5,99,0
150200,99.17,99,0
150400,98.84,100,1
150600,99.51,99,0
150800,99.18,99,0
151000,98.85,100,1
151200,99.52,99,0
151400,99.19,99,0
151600,98.86,100,1
151800,99.53,99,0
152000,99.2,99,0
152200,98.87,100,1
152400,99.54,99,0
152600,99.21,99,0
152800,98.88,100,1
153000,99.55,99,0
153200,99.22,99,0
153400,98.89,100,1
153600,99.56,99,0
153800,99.23,99,0
154000,98.9,100,1
154200,99.57,99,0
154400,99.24,99,0
154600,98.91,100,1
154800,99.58,99,0
155000,99.25,99,0
155200,98.92,100,1
155400,99.59,99,0
155600,99.26,99,0
155800,98.93,100,1
156000,99.6,99,0
156200,99.27,99,0
156400,98.94,100,1
156600,99.61,99,0
156800,99.28,99,0
157000,98.95,100,1
157200,99.62,99,0
157400,99.29,99,0
157600,98.96,100,1
157800,99.63,99,0
158000,99.3,99,0
158200,98.97,100,1
158400,99.64,99,0
158600,99.31,99,0
158800,98.98,100,1
159000,99.65,99,0
159200,99.32,99,0
159400,98.99,100,1
159600,99.66,99,0
159800,99.33,99,0
160000,99.0,100,1
160200,99.67,99,0
160400,99.34,99,0
160600,99.01,99,0
160800,98.68,99,1
161000,99.35,99,0
161200,99.02,99,0
161400,98.69,99,1
161600,99.36,99,0
161800,99.03,99,0
162000,98.7,99,1
162200,99.37,99,0
162400,99.04,99,0
162600,98.71,99,1
162800,99.38,99,0
163000,99.05,99,0
163200,98.72,99,1
163400,99.39,99,0
163600,99.06,99,0
163800,98.73,99,1
164000,99.4,99,0
164200,99.07,99,0
164400,98.74,99,1
164600,99.41,99,0
164800,99.08,99,0
165000,98.75,99,1
165200,99.42,99,0
165400,99.09,99,0
165600,98.76,99,1
165800,99.43,99,0
166000,99.1,99,0
166200,98.77,99,1
166400,99.44,99,0
166600,99.11,99,0
166800,98.78,99,1
167000,99.45,99,0
167200,99.12,99,0
167400,98.79,99,1
167600,99.46,99,0
167800,99.13,99,0
168000,98.8,99,1
168200,99.47,99,0
168400,99.14,99,0
168600,98.81,99,1
168800,99.48,99,0
169000,99.15,99,0
169200,98.82,99,1
169400,99.49,99,0
169600,99.16,99,0
169800,98.83,99,1
170000,99.5,99,0
170200,99.17,99,0
170400,98.84,99,1
170600,99.51,99,0
170800,99.18,99,0
171000,98.85,99,1
171200,99.52,99,0
171400,99.19,99,0
171600,98.86,99,1
171800,99.53,99,0
172000,99.2,99,0
172200,98.87,99,1
172400,99.54,99,0
172600,99.21,99,0
172800,98.88,99,1
173000,99.55,99,0
173200,99.22,99,0
173400,98.89,99,1
173600,99.56,99,0
173800,99.23,99,0
174000,98.9,99,1
174200,99.57,99,0
174400,99.24,99,0
174600,98.91,99,1
174800,99.58,99,0
175000,99.25,99,0
175200,98.92,99,1
175400,99.59,99,0
175600,99.26,99,0
175800,98.93,99,1
176000,99.6,99,0
176200,99.27,99,0
176400,98.94,99,1
176600,99.61,99,0
176800,99.28,99,0
177000,98.95,99,1
177200,99.62,99,0
177400,99.29,99,0
177600,98.96,99,1
177800,99.63,99,0
178000,99.3,99,0
178200,98.97,99,1
178400,99.64,99,0
178600,99.31,99,0
178800,98.98,99,1
179000,99.65,99,0
179200,99.32,99,0
179400,98.99,99,1
179600,99.66,99,0
179800,99.33,99,0
180000,99.0,99,1
180200,99.67,99,0
180400,99.34,99,0
180600,99.01,99,0
180800,98.68,99,1
181000,99.35,99,0
181200,99.02,99,0
181400,98.69,99,1
181600,99.36,99,0
181800,99.03,99,0
182000,98.7,99,1
182200,99.37,99,0
182400,99.04,99,0
182600,98.71,99,1
182800,99.38,99,0
183000,99.05,99,0
183200,98.72,99,1
183400,99.39,99,0
183600,99.06,99,0
183800,98.73,99,1
184000,99.4,99,0
184200,99.07,99,0
184400,98.74,99,1
184600,99.41,99,0
184800,99.08,99,0
185000,98.75,99,1
185200,99.42,99,0
185400,99.09,99,0
185600,98.76,99,1
185800,99.43,99,0
186000,99.1,99,0
186200,98.77,99,1
186400,99.44,99,0
186600,99.11,99,0
186800,98.78,99,1
187000,99.45,99,0
187200,99.12,99,0
187400,98.79,99,1
187600,99.46,99,0
187800,99.13,99,0
188000,98.8,99,1
188200,99.47,99,0
188400,99.14,99,0
188600,98.81,99,1
188800,99.48,99,0
189000,99.15,99,0
189200,98.82,99,1
189400,99.49,99,0
189600,99.16,99,0
189800,98.83,99,1
190000,99.5,99,0
190200,99.17,99,0
190400,98.84,99,1
190600,99.51,99,0
190800,99.18,99,0
191000,98.85,99,1
191200,99.52,99,0
191400,99.19,99,0
191600,98.86,99,1
191800,99.53,99,0
192000,99.2,99,0
192200,98.87,99,1
192400,99.54,99,0
192600,99.21,99,0
192800,98.88,99,1
193000,99.55,99,0
193200,99.22,99,0
193400,98.89,99,1
193600,99.56,99,0
193800,99.23,99,0
194000,98.9,99,1
194200,99.57,99,0
194400,99.24,99,0
194600,98.91,99,1
194800,99.58,99,0
195000,99.25,99,0
195200,98.92,99,1
195400,99.59,99,0
195600,99.26,99,0
195800,98.93,99,1
196000,99.6,99,0
196200,99.27,99,0
196400,98.94,99,1
196600,99.61,99,0
196800,99.28,99,0
197000,98.95,99,1
197200,99.62,99,0
197400,99.29,99,0
197600,98.96,99,1
197800,99.63,99,0
198000,99.3,99,0
198200,98.97,99,1
198400,99.64,99,0
198600,99.31,99,0
198800,98.98,99,1
199000,99.65,99,0
199200,99.32,99,0
199400,98.99,99,1
199600,99.66,99,0
199800,99.33,99,0
200000,99.0,99,1
200200,99.67,99,0
200400,99.34,99,0
200600,99.01,99,0
200800,98.68,99,1
201000,99.35,99,0
201200,99.02,99,0
201400,98.69,99,1
201600,99.36,99,0
201800,99.03,99,0
202000,98.7,99,1
202200,99.37,99,0
202400,99.04,99,0
202600,98.71,99,1
202800,99.38,99,0
203000,99.05,99,0
203200,98.72,99,1
203400,99.39,99,0
203600,99.06,99,0
203800,98.73,99,1
204000,99.4,99,0
204200,99.07,99,0
204400,98.74,99,1
204600,99.41,99,0
204800,99.08,99,0
205000,98.75,99,1
205200,99.42,99,0
205400,99.09,99,0
205600,98.76,99,1
205800,99.43,99,0
206000,99.1,99,0
206200,98.77,99,1
206400,99.44,99,0
206600,99.11,99,0
206800,98.78,99,1
207000,99.45,99,0
207200,99.12,99,0
207400,98.79,99,1
207600,99.46,99,0
207800,99.13,99,0
208000,98.8,99,1
208200,99.47,99,0
208400,99.14,99,0
208600,98.81,99,1
208800,99.48,99,0
209000,99.15,99,0
209200,98.82,99,1
209400,99.49,99,0
209600,99.16,99,0
209800,98.83,99,1
210000,99.5,99,0
210200,99.17,99,0
210400,98.84,99,1
210600,99.51,99,0
210800,99.18,99,0
211000,98.85,99,1
211200,99.52,99,0
211400,99.19,99,0
211600,98.86,99,1
211800,99.53,99,0
212000,99.2,99,0
212200,98.87,99,1
212400,99.54,99,0
212600,99.21,99,0
212800,98.88,99,1
213000,99.55,99,0
213200,99.22,99,0
213400,98.89,99,1
213600,99.56,99,0
213800,99.23,99,0
214000,98.9,99,1
214200,99.57,99,0
214400,99.24,99,0
214600,98.91,99,1
214800,99.58,99,0
215000,99.25,99,0
215200,98.92,99,1
215400,99.59,99,0
215600,99.26,99,0
215800,98.93,99,1
216000,99.6,99,0
216200,99.27,99,0
216400,98.94,99,1
216600,99.61,99,0
216800,99.28,99,0
217000,98.95,99,1
217200,99.62,99,0
217400,99.29,99,0
217600,98.96,99,1
217800,99.63,99,0
218000,99.3,99,0
218200,98.97,99,1
218400,99.64,99,0
218600,99.31,99,0
218800,98.98,99,1
219000,99.65,99,0
219200,99.32,99,0
219400,98.99,99,1
219600,99.66,99,0
219800,99.33,99,0
220000,99.0,99,1
220200,99.67,99,0
220400,99.34,99,0
220600,99.01,99,0
220800,98.68,99,1
221000,99.35,99,0
221200,99.02,99,0
221400,98.69,99,1
221600,99.36,99,0
221800,99.03,99,0
222000,98.7,99,1
222200,99.37,99,0
222400,99.04,99,0
222600,98.71,99,1
222800,99.38,99,0
223000,99.05,99,0
223200,98.72,99,1
223400,99.39,99,0
223600,99.06,99,0
223800,98.73,99,1
224000,99.4,99,0
224200,99.07,99,0
224400,98.74,99,1
224600,99.41,99,0
224800,99.08,99,0
225000,98.75,99,1
225200,99.42,99,0
225400,99.09,99,0
225600,98.76,99,1
225800,99.43,99,0
226000,99.1,99,0
226200,98.77,99,1
226400,99.44,99,0
226600,99.11,99,0
226800,98.78,99,1
227000,99.45,99,0
227200,99.12,99,0
227400,98.79,99,1
227600,99.46,99,0
227800,99.13,99,0
228000,98.8,99,1
228200,99.47,99,0
228400,99.14,99,0
228600,98.81,99,1
228800,99.48,99,0
229000,99.15,99,0
229200,98.82,99,1
229400,99.49,99,0
229600,99.16,99,0
229800,98.83,99,1
230000,99.5,99,0
230200,99.17,99,0
230400,98.84,99,1
230600,99.51,99,0
230800,99.18,99,0
231000,98.85,99,1
231200,99.52,99,0
231400,99.19,99,0
231600,98.86,99,1
231800,99.53,99,0
232000,99.2,99,0
232200,98.87,99,1
232400,99.54,99,0
232600,99.21,99,0
232800,98.88,99,1
233000,99.55,99,0
233200,99.22,99,0
233400,98.89,99,1
233600,99.56,99,0
233800,99.23,99,0
234000,98.9,99,1
234200,99.57,99,0
234400,99.24,99,0
234600,98.91,99,1
234800,99.58,99,0
235000,99.25,99,0
235200,98.92,99,1
235400,99.59,99,0
235600,99.26,99,0
235800,98.93,99,1
236000,99.6,99,0
236200,99.27,99,0
236400,98.94,99,1
236600,99.61,99,0
236800,99.28,99,0
237000,98.95,99,1
237200,99.62,99,0
237400,99.29,99,0
237600,98.96,99,1
237800,99.63,99,0
238000,99.3,99,0
238200,98.97,99,1
238400,99.64,99,0
238600,99.31,99,0
238800,98.98,99,1
239000,99.65,99,0
239200,99.32,99,0
239400,98.99,99,1
239600,99.66,99,0
239800,99.33,99,0
240000,99.0,99,1
240200,99.67,99,0
240400,99.34,99,0
240600,99.01,99,0
240800,98.68,99,1
241000,99.35,99,0
241200,99.02,99,0
241400,98.69,99,1
241600,99.36,99,0
241800,99.03,99,0
242000,98.7,99,1
242200,99.37,99,0
242400,99.04,99,0
242600,98.71,99,1
242800,99.38,99,0
243000,99.05,99,0
243200,98.72,99,1
243400,99.39,99,0
243600,99.06,99,0
243800,98.73,99,1
244000,99.4,99,0
244200,99.07,99,0
244400,98.74,99,1
244600,99.41,99,0
244800,99.08,99,0
245000,98.75,99,1
245200,99.42,99,0
245400,99.09,99,0
245600,98.76,99,1
245800,99.43,99,0
246000,99.1,99,0
246200,98.77,99,1
246400,99.44,99,0
246600,99.11,99,0
246800,98.78,99,1
247000,99.45,99,0
247200,99.12,99,0
247400,98.79,99,1
247600,99.46,99,0
247800,99.13,99,0
248000,98.8,99,1
248200,99.47,99,0
248400,99.14,99,0
248600,98.81,99,1
248800,99.48,99,0
249000,99.15,99,0
249200,98.82,99,1
249400,99.49,99,0
249600,99.16,99,0
249800,98.83,99,1
250000,99.5,99,0
250200,99.17,99,0
250400,98.84,99,1
250600,99.51,99,0
250800,99.18,99,0
251000,98.85,99,1
251200,99.52,99,0
251400,99.19,99,0
251600,98.86,99,1
251800,99.53,99,0
252000,99.2,99,0
252200,98.87,99,1
252400,99.54,99,0
252600,99.21,99,0
252800,98.88,99,1
253000,99.55,99,0
253200,99.22,99,0
253400,98.89,99,1
253600,99.56,99,0
253800,99.23,99,0
254000,98.9,99,1
254200,99.57,99,0
254400,99.24,99,0
254600,98.91,99,1
254800,99.58,99,0
255000,99.25,99,0
255200,98.92,99,1
255400,99.59,99,0
255600,99.26,99,0
255800,98.93,99,1
256000,99.6,99,0
256200,99.27,99,0
256400,98.94,99,1
256600,99.61,99,0
256800,99.28,99,0
257000,98.95,99,1
257200,99.62,99,0
257400,99.29,99,0
257600,98.96,99,1
257800,99.63,99,0
258000,99.3,99,0
258200,98.97,99,1
258400,99.64,99,0
258600,99.31,99,0
258800,98.98,99,1
259000,99.65,99,0
259200,99.32,99,0
259400,98.99,99,1
259600,99.66,99,0
259800,99.33,99,0
260000,99.0,99,1
260200,99.67,99,0
260400,99.34,99,0
260600,99.01,99,0
260800,98.68,99,1
261000,99.35,99,0
261200,99.02,99,0
261400,98.69,99,1
261600,99.36,99,0
261800,99.03,99,0
262000,98.7,99,1
262200,99.37,99,0
262400,99.04,99,0
262600,98.71,99,1
262800,99.38,99,0
263000,99.05,99,0
263200,98.72,99,1
263400,99.39,99,0
263600,99.06,99,0
263800,98.73,99,1
264000,99.4,99,0
264200,99.07,99,0
264400,98.74,99,1
264600,99.41,99,0
264800,99.08,99,0
265000,98.75,99,1
265200,99.42,99,0
265400,99.09,99,0
265600,98.76,99,1
265800,99.43,99,0
266000,99.1,99,0
266200,98.77,99,1
266400,99.44,99,0
266600,99.11,99,0
266800,98.78,99,1
267000,99.45,99,0
267200,99.12,99,0
267400,98.79,99,1
267600,99.46,99,0
267800,99.13,99,0
268000,98.8,99,1
268200,99.47,99,0
268400,99.14,99,0
268600,98.81,99,1
268800,99.48,99,0
269000,99.15,99,0
269200,98.82,99,1
269400,99.49,99,0
269600,99.16,99,0
269800,98.83,99,1
270000,99.5,99,0
270200,99.17,99,0
270400,98.84,99,1
270600,99.51,99,0
270800,99.18,99,0
271000,98.85,99,1
271200,99.52,99,0
271400,99.19,99,0
271600,98.86,99,1
271800,99.53,99,0
272000,99.2,99,0
272200,98.87,99,1
272400,99.54,99,0
272600,99.21,99,0
272800,98.88,99,1
273000,99.55,99,0
273200,99.22,99,0
273400,98.89,99,1
273600,99.56,99,0
273800,99.23,99,0
274000,98.9,99,1
274200,99.57,99,0
274400,99.24,99,0
274600,98.91,99,1
274800,99.58,99,0
275000,99.25,99,0
275200,98.92,99,1
275400,99.59,99,0
275600,99.26,99,0
275800,98.93,99,1
276000,99.6,99,0
276200,99.27,99,0
276400,98.94,99,1
276600,99.61,99,0
276800,99.28,99,0
277000,98.95,99,1
277200,99.62,99,0
277400,99.29,99,0
277600,98.96,99,1
277800,99.63,99,0
278000,99.3,99,0
278200,98.97,99,1
278400,99.64,99,0
278600,99.31,99,0
278800,98.98,99,1
279000,99.65,99,0
279200,99.32,99,0
279400,98.99,99,1
279600,99.66,99,0
279800,99.33,99,0
280000,99.0,99,1
280200,99.67,99,0
280400,99.34,99,0
280600,99.01,99,0
280800,98.68,99,1
281000,99.35,99,0
281200,99.02,99,0
281400,98.69,99,1
281600,99.36,99,0
281800,99.03,99,0
282000,98.7,99,1
282200,99.37,99,0
282400,99.04,99,0
282600,98.71,99,1
282800,99.38,99,0
283000,99.05,99,0
283200,98.72,99,1
283400,99.39,99,0
283600,99.06,99,0
283800,98.73,99,1
284000,99.4,99,0
284200,99.07,99,0
284400,98.74,99,1
284600,99.41,99,0
284800,99.08,99,0
285000,98.75,99,1
285200,99.42,99,0
285400,99.09,99,0
285600,98.76,99,1
285800,99.43,99,0
286000,99.1,99,0
286200,98.77,99,1
286400,99.44,99,0
286600,99.11,99,0
286800,98.78,99,1
287000,99.45,99,0
287200,99.12,99,0
287400,98.79,99,1
287600,99.46,99,0
287800,99.13,99,0
288000,98.8,99,1
288200,99.47,99,0
288400,99.14,99,0
288600,98.81,99,1
288800,99.48,99,0
289000,99.15,99,0
289200,98.82,99,1
289400,99.49,99,0
289600,99.16,99,0
289800,98.83,99,1
290000,99.5,99,0
290200,99.17,99,0
290400,98.84,99,1
290600,99.51,99,0
290800,99.18,99,0
291000,98.85,99,1
291200,99.52,99,0
291400,99.19,99,0
291600,98.86,99,1
291800,99.53,99,0
292000,99.2,99,0
292200,98.87,99,1
292400,99.54,99,0
292600,99.21,99,0
292800,98.88,99,1
293000,99.55,99,0
293200,99.22,99,0
293400,98.89,99,1
293600,99.56,99,0
293800,99.23,99,0
294000,98.9,99,1
294200,99.57,99,0
294400,99.24,99,0
294600,98.91,99,1
294800,99.58,99,0
295000,99.25,99,0
295200,98.92,99,1
295400,99.59,99,0
295600,99.26,99,0
295800,98.93,99,1
296000,99.6,99,0
296200,99.27,99,0
296400,98.94,99,1
296600,99.61,99,0
296800,99.28,99,0
297000,98.95,99,1
297200,99.62,99,0
297400,99.29,99,0
297600,98.96,99,1
297800,99.63,99,0
298000,99.3,99,0
298200,98.97,99,1
298400,99.64,99,0
298600,99.31,99,0
298800,98.98,99,1
299000,99.65,99,0
299200,99.32,99,0
299400,98.99,99,1
299600,99.66,99,0
299800,99.33,99,0
