run,variant,p50_us,p99_us,mean_us
0,naive GET + INCR (racy),905.2,1511.9,962.8
0,MULTI/EXEC fixed window,440.6,661.3,449.7
0,EVALSHA fixed_window,445.6,712.3,457.9
0,FCALL fixed_window,440.5,671.3,453.0
0,EVALSHA sliding_log,462.8,708.7,473.1
0,FCALL sliding_log,435.9,680.0,447.5
0,EVALSHA sliding_counter,445.3,667.9,456.2
0,FCALL sliding_counter,463.9,691.2,470.8
0,EVALSHA token_bucket,462.9,694.2,471.5
0,FCALL token_bucket,454.5,674.9,462.9
0,EVALSHA leaky_bucket,449.1,692.9,461.0
0,FCALL leaky_bucket,463.2,710.3,471.6
0,EVALSHA gcra,463.0,676.0,470.9
0,FCALL gcra,475.2,655.8,482.4
1,MULTI/EXEC fixed window,486.9,707.3,495.6
1,EVALSHA fixed_window,407.1,601.7,420.9
1,FCALL fixed_window,404.8,628.9,417.3
1,EVALSHA sliding_log,414.5,654.8,428.1
1,FCALL sliding_log,431.9,663.6,443.7
1,EVALSHA sliding_counter,427.1,643.7,439.4
1,FCALL sliding_counter,404.6,629.1,416.8
1,EVALSHA token_bucket,431.8,688.0,443.1
1,FCALL token_bucket,436.6,667.2,447.3
1,EVALSHA leaky_bucket,446.9,715.4,461.0
1,FCALL leaky_bucket,412.3,590.6,420.8
1,EVALSHA gcra,417.1,624.1,428.8
1,FCALL gcra,411.0,616.5,422.4
1,naive GET + INCR (racy),841.8,1442.4,907.3
2,EVALSHA fixed_window,409.4,587.1,418.6
2,FCALL fixed_window,387.5,547.0,397.9
2,EVALSHA sliding_log,404.0,599.4,418.8
2,FCALL sliding_log,409.4,587.4,421.0
2,EVALSHA sliding_counter,444.4,625.1,453.5
2,FCALL sliding_counter,402.0,596.5,415.6
2,EVALSHA token_bucket,403.8,589.0,415.8
2,FCALL token_bucket,394.5,562.4,408.2
2,EVALSHA leaky_bucket,400.5,566.0,412.0
2,FCALL leaky_bucket,389.7,563.8,401.6
2,EVALSHA gcra,432.0,710.5,460.4
2,FCALL gcra,474.8,768.1,493.1
2,naive GET + INCR (racy),886.3,1428.9,927.4
2,MULTI/EXEC fixed window,440.5,659.8,451.4
3,FCALL fixed_window,428.5,646.4,438.4
3,EVALSHA sliding_log,431.5,640.8,442.5
3,FCALL sliding_log,408.5,595.3,420.9
3,EVALSHA sliding_counter,403.0,614.5,414.7
3,FCALL sliding_counter,418.7,648.1,431.8
3,EVALSHA token_bucket,431.8,641.5,444.0
3,FCALL token_bucket,427.3,652.6,438.4
3,EVALSHA leaky_bucket,437.7,648.8,445.8
3,FCALL leaky_bucket,407.6,618.4,421.0
3,EVALSHA gcra,408.4,611.7,421.1
3,FCALL gcra,413.0,637.7,425.7
3,naive GET + INCR (racy),832.8,1475.9,918.3
3,MULTI/EXEC fixed window,414.7,614.9,426.5
3,EVALSHA fixed_window,428.2,665.1,439.6
4,EVALSHA sliding_log,445.0,663.1,454.8
4,FCALL sliding_log,425.2,656.6,436.5
4,EVALSHA sliding_counter,419.0,658.9,433.5
4,FCALL sliding_counter,427.2,652.8,440.9
4,EVALSHA token_bucket,423.8,664.4,437.6
4,FCALL token_bucket,417.6,659.9,430.4
4,EVALSHA leaky_bucket,436.4,651.9,447.1
4,FCALL leaky_bucket,408.2,622.0,422.8
4,EVALSHA gcra,412.2,631.9,423.9
4,FCALL gcra,402.2,619.8,416.5
4,naive GET + INCR (racy),866.0,1464.0,930.1
4,MULTI/EXEC fixed window,406.7,632.8,420.5
4,EVALSHA fixed_window,407.3,633.0,419.7
4,FCALL fixed_window,402.0,615.0,415.3
5,FCALL sliding_log,424.8,656.3,435.6
5,EVALSHA sliding_counter,407.2,606.1,420.2
5,FCALL sliding_counter,415.8,646.8,427.9
5,EVALSHA token_bucket,423.2,666.6,436.9
5,FCALL token_bucket,427.8,664.8,441.7
5,EVALSHA leaky_bucket,414.5,623.4,426.3
5,FCALL leaky_bucket,403.8,608.1,414.8
5,EVALSHA gcra,403.3,626.7,415.3
5,FCALL gcra,407.9,633.8,420.7
5,naive GET + INCR (racy),845.0,1504.1,915.2
5,MULTI/EXEC fixed window,403.7,609.7,415.5
5,EVALSHA fixed_window,405.5,626.8,420.8
5,FCALL fixed_window,424.8,683.1,438.0
5,EVALSHA sliding_log,433.7,675.0,445.0
6,EVALSHA sliding_counter,411.4,668.9,424.7
6,FCALL sliding_counter,397.4,662.5,412.3
6,EVALSHA token_bucket,412.6,634.8,426.0
6,FCALL token_bucket,423.0,620.2,433.6
6,EVALSHA leaky_bucket,415.2,619.1,427.6
6,FCALL leaky_bucket,400.4,626.5,414.1
6,EVALSHA gcra,403.3,646.2,418.8
6,FCALL gcra,402.7,626.5,417.2
6,naive GET + INCR (racy),869.7,1517.3,939.6
6,MULTI/EXEC fixed window,414.3,666.2,427.1
6,EVALSHA fixed_window,407.9,622.2,421.2
6,FCALL fixed_window,398.5,588.9,410.0
6,EVALSHA sliding_log,419.4,626.3,431.7
6,FCALL sliding_log,408.4,595.7,418.5
7,FCALL sliding_counter,403.3,627.6,416.2
7,EVALSHA token_bucket,412.5,629.0,426.1
7,FCALL token_bucket,412.6,651.7,426.8
7,EVALSHA leaky_bucket,426.5,636.0,437.4
7,FCALL leaky_bucket,436.7,682.9,449.7
7,EVALSHA gcra,421.4,652.1,434.2
7,FCALL gcra,428.4,683.7,443.0
7,naive GET + INCR (racy),902.8,1593.0,977.1
7,MULTI/EXEC fixed window,428.9,665.9,443.3
7,EVALSHA fixed_window,430.5,645.9,440.7
7,FCALL fixed_window,423.4,610.4,433.1
7,EVALSHA sliding_log,415.4,651.0,429.0
7,FCALL sliding_log,405.7,617.1,419.0
7,EVALSHA sliding_counter,424.4,685.5,442.8
8,EVALSHA token_bucket,451.0,694.1,462.8
8,FCALL token_bucket,419.2,664.2,432.5
8,EVALSHA leaky_bucket,416.4,628.4,428.8
8,FCALL leaky_bucket,413.1,634.7,426.3
8,EVALSHA gcra,411.4,649.2,427.7
8,FCALL gcra,421.4,678.9,436.5
8,naive GET + INCR (racy),872.4,1501.7,935.7
8,MULTI/EXEC fixed window,413.6,673.3,429.2
8,EVALSHA fixed_window,404.2,625.3,418.7
8,FCALL fixed_window,394.3,611.6,406.9
8,EVALSHA sliding_log,418.9,630.8,432.8
8,FCALL sliding_log,438.5,643.9,448.0
8,EVALSHA sliding_counter,410.7,645.1,426.1
8,FCALL sliding_counter,402.9,659.5,424.1
9,FCALL token_bucket,411.8,650.8,428.2
9,EVALSHA leaky_bucket,424.6,623.6,437.6
9,FCALL leaky_bucket,414.5,631.3,426.3
9,EVALSHA gcra,421.3,648.9,433.9
9,FCALL gcra,416.4,647.5,427.9
9,naive GET + INCR (racy),953.2,1466.6,971.9
9,MULTI/EXEC fixed window,444.7,672.8,456.8
9,EVALSHA fixed_window,422.1,616.6,434.7
9,FCALL fixed_window,405.7,605.3,417.0
9,EVALSHA sliding_log,408.4,625.2,423.8
9,FCALL sliding_log,394.7,595.0,408.2
9,EVALSHA sliding_counter,396.5,566.3,406.0
9,FCALL sliding_counter,398.0,623.4,412.1
9,EVALSHA token_bucket,410.1,603.9,423.5
10,EVALSHA leaky_bucket,400.0,571.2,410.7
10,FCALL leaky_bucket,403.0,581.5,414.8
10,EVALSHA gcra,408.4,583.1,419.7
10,FCALL gcra,397.5,574.7,408.7
10,naive GET + INCR (racy),820.9,1461.6,903.8
10,MULTI/EXEC fixed window,401.9,590.2,415.6
10,EVALSHA fixed_window,392.8,563.4,406.6
10,FCALL fixed_window,381.5,562.2,396.3
10,EVALSHA sliding_log,395.3,568.6,405.4
10,FCALL sliding_log,397.4,576.4,409.2
10,EVALSHA sliding_counter,470.4,680.6,476.2
10,FCALL sliding_counter,389.1,552.1,400.7
10,EVALSHA token_bucket,396.0,553.3,406.3
10,FCALL token_bucket,531.0,790.2,513.6
11,FCALL leaky_bucket,408.7,604.0,419.1
11,EVALSHA gcra,421.8,635.4,433.3
11,FCALL gcra,396.6,590.2,409.5
11,naive GET + INCR (racy),807.7,1392.7,891.1
11,MULTI/EXEC fixed window,397.7,621.0,416.1
11,EVALSHA fixed_window,392.5,614.2,410.5
11,FCALL fixed_window,376.5,585.8,392.6
11,EVALSHA sliding_log,397.6,594.4,413.2
11,FCALL sliding_log,402.4,615.9,415.6
11,EVALSHA sliding_counter,407.3,598.3,422.4
11,FCALL sliding_counter,392.6,609.1,406.4
11,EVALSHA token_bucket,411.3,606.7,422.8
11,FCALL token_bucket,398.3,590.4,408.4
11,EVALSHA leaky_bucket,396.2,587.3,411.8
12,EVALSHA gcra,392.6,615.0,405.9
12,FCALL gcra,382.3,584.5,397.8
12,naive GET + INCR (racy),792.4,1428.7,886.1
12,MULTI/EXEC fixed window,399.6,604.8,415.5
12,EVALSHA fixed_window,388.4,589.0,403.5
12,FCALL fixed_window,383.7,579.9,399.8
12,EVALSHA sliding_log,404.1,587.2,419.0
12,FCALL sliding_log,403.1,603.7,417.3
12,EVALSHA sliding_counter,403.9,609.4,424.1
12,FCALL sliding_counter,397.3,584.8,411.5
12,EVALSHA token_bucket,406.6,620.5,424.1
12,FCALL token_bucket,402.8,602.6,419.7
12,EVALSHA leaky_bucket,395.8,615.5,412.0
12,FCALL leaky_bucket,393.9,588.7,407.3
13,FCALL gcra,394.2,598.3,410.1
13,naive GET + INCR (racy),843.2,1427.1,899.0
13,MULTI/EXEC fixed window,393.2,593.0,409.2
13,EVALSHA fixed_window,385.4,606.2,402.2
13,FCALL fixed_window,395.7,609.0,411.1
13,EVALSHA sliding_log,417.8,600.3,427.5
13,FCALL sliding_log,460.3,676.4,471.4
13,EVALSHA sliding_counter,429.5,628.1,441.1
13,FCALL sliding_counter,439.3,699.4,457.0
13,EVALSHA token_bucket,456.7,674.0,470.1
13,FCALL token_bucket,429.6,627.8,441.8
13,EVALSHA leaky_bucket,452.9,659.9,462.9
13,FCALL leaky_bucket,408.7,625.1,423.6
13,EVALSHA gcra,398.5,628.8,414.7
14,naive GET + INCR (racy),835.6,1460.2,919.7
14,MULTI/EXEC fixed window,397.7,595.5,411.7
14,EVALSHA fixed_window,397.3,615.0,412.7
14,FCALL fixed_window,384.5,582.1,400.9
14,EVALSHA sliding_log,396.9,629.0,413.7
14,FCALL sliding_log,394.1,613.1,407.4
14,EVALSHA sliding_counter,430.7,687.2,449.8
14,FCALL sliding_counter,424.0,669.1,438.7
14,EVALSHA token_bucket,471.3,756.7,484.7
14,FCALL token_bucket,433.6,716.0,446.8
14,EVALSHA leaky_bucket,440.5,709.6,456.4
14,FCALL leaky_bucket,428.9,692.1,444.5
14,EVALSHA gcra,439.2,730.8,454.6
14,FCALL gcra,416.2,655.7,430.7
15,MULTI/EXEC fixed window,411.7,674.3,428.1
15,EVALSHA fixed_window,387.7,596.7,400.9
15,FCALL fixed_window,400.8,659.0,418.7
15,EVALSHA sliding_log,459.1,721.0,473.4
15,FCALL sliding_log,397.0,618.1,412.1
15,EVALSHA sliding_counter,422.7,652.6,436.3
15,FCALL sliding_counter,398.8,610.8,411.7
15,EVALSHA token_bucket,409.4,631.9,423.0
15,FCALL token_bucket,458.2,712.4,472.2
15,EVALSHA leaky_bucket,407.3,676.6,420.7
15,FCALL leaky_bucket,393.8,630.6,410.1
15,EVALSHA gcra,399.9,600.3,413.1
15,FCALL gcra,417.5,629.1,432.5
15,naive GET + INCR (racy),808.5,1474.6,895.6
16,EVALSHA fixed_window,393.0,578.9,404.8
16,FCALL fixed_window,415.0,667.8,428.2
16,EVALSHA sliding_log,409.8,618.5,420.9
16,FCALL sliding_log,403.4,606.0,414.8
16,EVALSHA sliding_counter,390.4,556.3,402.6
16,FCALL sliding_counter,385.8,559.9,397.0
16,EVALSHA token_bucket,388.5,572.1,400.4
16,FCALL token_bucket,395.9,585.7,407.6
16,EVALSHA leaky_bucket,399.6,592.7,414.1
16,FCALL leaky_bucket,388.6,597.3,404.3
16,EVALSHA gcra,404.6,639.3,419.5
16,FCALL gcra,396.1,625.3,413.1
16,naive GET + INCR (racy),836.7,1434.9,902.0
16,MULTI/EXEC fixed window,414.1,629.9,427.1
17,FCALL fixed_window,407.5,634.2,419.4
17,EVALSHA sliding_log,438.9,673.1,451.6
17,FCALL sliding_log,475.9,715.5,483.9
17,EVALSHA sliding_counter,413.8,611.2,424.2
17,FCALL sliding_counter,405.5,637.2,420.3
17,EVALSHA token_bucket,416.1,644.5,429.6
17,FCALL token_bucket,407.0,606.1,419.6
17,EVALSHA leaky_bucket,406.2,608.7,418.6
17,FCALL leaky_bucket,410.8,631.3,423.8
17,EVALSHA gcra,402.7,605.2,414.0
17,FCALL gcra,398.0,595.9,408.2
17,naive GET + INCR (racy),820.8,1375.2,889.9
17,MULTI/EXEC fixed window,403.7,587.8,414.3
17,EVALSHA fixed_window,403.7,608.3,416.6
18,EVALSHA sliding_log,413.8,622.3,427.0
18,FCALL sliding_log,393.7,592.6,407.9
18,EVALSHA sliding_counter,413.8,645.4,424.8
18,FCALL sliding_counter,414.6,633.0,427.3
18,EVALSHA token_bucket,414.5,624.8,426.6
18,FCALL token_bucket,407.4,592.2,419.8
18,EVALSHA leaky_bucket,405.3,611.4,417.9
18,FCALL leaky_bucket,402.4,618.7,416.3
18,EVALSHA gcra,411.7,637.9,424.5
18,FCALL gcra,394.2,626.3,408.6
18,naive GET + INCR (racy),879.1,1394.7,919.6
18,MULTI/EXEC fixed window,406.7,631.1,420.4
18,EVALSHA fixed_window,409.7,620.1,423.1
18,FCALL fixed_window,410.0,625.4,422.8
19,FCALL sliding_log,427.6,629.0,436.7
19,EVALSHA sliding_counter,482.3,696.4,487.6
19,FCALL sliding_counter,439.9,658.5,451.2
19,EVALSHA token_bucket,416.5,655.4,430.0
19,FCALL token_bucket,395.5,601.6,406.7
19,EVALSHA leaky_bucket,406.3,605.7,417.4
19,FCALL leaky_bucket,411.2,601.1,422.5
19,EVALSHA gcra,404.8,606.6,418.3
19,FCALL gcra,404.0,637.1,416.7
19,naive GET + INCR (racy),822.5,1433.1,903.3
19,MULTI/EXEC fixed window,406.1,620.3,419.9
19,EVALSHA fixed_window,400.1,596.4,413.0
19,FCALL fixed_window,389.9,598.3,403.1
19,EVALSHA sliding_log,411.3,632.1,424.7
