run,outcome,proxies,requests,status_200,status_403,status_500,status_503,humans_blocked,bots_passed,stale_serves,files_rejected
1,good file (baseline),12,12000,10800,1200,0,0,0,0,0,0
1,crash,12,12000,0,0,12000,0,0,0,0,0
1,fail wrong,12,12000,0,12000,0,0,10800,0,0,0
1,fail stale,12,12000,10800,1200,0,0,0,0,12000,12
1,fail open,12,12000,12000,0,0,0,0,1200,0,12
1,fail closed,12,12000,0,0,0,12000,0,0,0,12
2,good file (baseline),12,12000,10800,1200,0,0,0,0,0,0
2,crash,12,12000,0,0,12000,0,0,0,0,0
2,fail wrong,12,12000,0,12000,0,0,10800,0,0,0
2,fail stale,12,12000,10800,1200,0,0,0,0,12000,12
2,fail open,12,12000,12000,0,0,0,0,1200,0,12
2,fail closed,12,12000,0,0,0,12000,0,0,0,12
3,good file (baseline),12,12000,10800,1200,0,0,0,0,0,0
3,crash,12,12000,0,0,12000,0,0,0,0,0
3,fail wrong,12,12000,0,12000,0,0,10800,0,0,0
3,fail stale,12,12000,10800,1200,0,0,0,0,12000,12
3,fail open,12,12000,12000,0,0,0,0,1200,0,12
3,fail closed,12,12000,0,0,0,12000,0,0,0,12
4,good file (baseline),12,12000,10800,1200,0,0,0,0,0,0
4,crash,12,12000,0,0,12000,0,0,0,0,0
4,fail wrong,12,12000,0,12000,0,0,10800,0,0,0
4,fail stale,12,12000,10800,1200,0,0,0,0,12000,12
4,fail open,12,12000,12000,0,0,0,0,1200,0,12
4,fail closed,12,12000,0,0,0,12000,0,0,0,12
5,good file (baseline),12,12000,10800,1200,0,0,0,0,0,0
5,crash,12,12000,0,0,12000,0,0,0,0,0
5,fail wrong,12,12000,0,12000,0,0,10800,0,0,0
5,fail stale,12,12000,10800,1200,0,0,0,0,12000,12
5,fail open,12,12000,12000,0,0,0,0,1200,0,12
5,fail closed,12,12000,0,0,0,12000,0,0,0,12
