plan,warmup_s,run,proxies_with_errors,failed_requests,rollout_ms,stopped_at_check
global,0.5,1,12,72,62.4,1
global,0.5,2,12,120,107.9,2
global,0.5,3,12,48,55.6,1
global,0.5,4,12,76,57.4,1
global,0.5,5,12,58,56.3,1
global,0.5,6,12,80,56.4,1
global,0.5,7,12,60,56.4,1
global,0.5,8,12,61,55.6,1
global,0.5,9,12,128,108.1,2
global,0.5,10,12,52,56.0,1
staged,0.5,1,1,30,309.1,6
staged,0.5,2,1,31,309.8,6
staged,0.5,3,1,30,307.2,6
staged,0.5,4,1,30,307.1,6
staged,0.5,5,1,30,308.7,6
staged,0.5,6,1,31,307.3,6
staged,0.5,7,1,31,306.1,6
staged,0.5,8,1,31,307.3,6
staged,0.5,9,1,31,306.6,6
staged,0.5,10,1,29,306.5,6
global,0.525,1,12,72,56.1,1
global,0.525,2,12,72,56.3,1
global,0.525,3,12,71,56.2,1
global,0.525,4,12,64,56.2,1
global,0.525,5,12,74,57.2,1
global,0.525,6,12,48,55.7,1
global,0.525,7,12,72,57.9,1
global,0.525,8,12,60,56.1,1
global,0.525,9,12,75,55.8,1
global,0.525,10,12,72,56.8,1
staged,0.525,1,1,26,256.2,5
staged,0.525,2,1,27,255.9,5
staged,0.525,3,1,26,257.1,5
staged,0.525,4,1,26,256.6,5
staged,0.525,5,1,24,255.6,5
staged,0.525,6,1,26,255.4,5
staged,0.525,7,1,26,256.1,5
staged,0.525,8,1,27,256.7,5
staged,0.525,9,1,26,255.2,5
staged,0.525,10,1,26,255.5,5
global,0.55,1,12,132,108.0,2
global,0.55,2,12,132,109.1,2
global,0.55,3,12,180,158.9,3
global,0.55,4,12,191,159.2,3
global,0.55,5,12,129,107.4,2
global,0.55,6,12,132,108.3,2
global,0.55,7,12,182,160.7,3
global,0.55,8,12,181,159.7,3
global,0.55,9,12,128,108.6,2
global,0.55,10,12,121,110.4,2
staged,0.55,1,1,24,256.9,5
staged,0.55,2,1,25,256.3,5
staged,0.55,3,1,25,256.1,5
staged,0.55,4,1,26,256.0,5
staged,0.55,5,1,24,256.7,5
staged,0.55,6,1,24,256.2,5
staged,0.55,7,1,25,257.0,5
staged,0.55,8,1,26,255.6,5
staged,0.55,9,1,24,255.8,5
staged,0.55,10,1,25,256.0,5
global,0.575,1,12,128,108.6,2
global,0.575,2,12,132,107.0,2
global,0.575,3,12,132,107.6,2
global,0.575,4,12,112,107.6,2
global,0.575,5,12,132,107.9,2
global,0.575,6,12,132,107.4,2
global,0.575,7,12,132,107.7,2
global,0.575,8,12,132,108.2,2
global,0.575,9,12,132,108.2,2
global,0.575,10,12,132,108.1,2
staged,0.575,1,1,22,205.0,4
staged,0.575,2,1,31,306.6,6
staged,0.575,3,1,21,204.5,4
staged,0.575,4,1,21,205.2,4
staged,0.575,5,1,21,205.2,4
staged,0.575,6,1,21,204.4,4
staged,0.575,7,1,20,205.2,4
staged,0.575,8,1,20,204.4,4
staged,0.575,9,1,21,204.4,4
staged,0.575,10,1,20,205.5,4
global,1.0,1,12,132,107.7,2
global,1.0,2,12,132,107.8,2
global,1.0,3,12,132,108.3,2
global,1.0,4,12,129,108.1,2
global,1.0,5,12,132,107.3,2
global,1.0,6,12,120,107.0,2
global,1.0,7,12,132,107.6,2
global,1.0,8,12,132,107.2,2
global,1.0,9,12,132,107.6,2
global,1.0,10,12,132,108.1,2
staged,1.0,1,1,20,205.2,4
staged,1.0,2,1,21,205.9,4
staged,1.0,3,1,21,204.6,4
staged,1.0,4,1,20,204.8,4
staged,1.0,5,1,20,204.2,4
staged,1.0,6,1,20,204.9,4
staged,1.0,7,1,20,204.7,4
staged,1.0,8,1,20,204.6,4
staged,1.0,9,1,30,306.2,6
staged,1.0,10,1,20,204.9,4
global,2.0,1,12,120,108.6,2
global,2.0,2,12,72,56.5,1
global,2.0,3,12,72,57.4,1
global,2.0,4,12,84,55.7,1
global,2.0,5,12,84,55.4,1
global,2.0,6,12,132,107.7,2
global,2.0,7,12,125,107.5,2
global,2.0,8,12,72,56.8,1
global,2.0,9,12,84,55.7,1
global,2.0,10,12,55,56.0,1
staged,2.0,1,1,31,307.9,6
staged,2.0,2,1,31,307.8,6
staged,2.0,3,1,31,307.6,6
staged,2.0,4,1,31,308.4,6
staged,2.0,5,1,31,306.8,6
staged,2.0,6,1,30,307.1,6
staged,2.0,7,1,30,308.1,6
staged,2.0,8,1,31,306.7,6
staged,2.0,9,1,29,306.5,6
staged,2.0,10,1,31,306.1,6
