seed,tick,nodes_with_grant,node,rows,producer_check
1,1,0,2,60,ok
1,2,0,1,60,ok
1,3,0,3,60,ok
1,4,0,1,60,ok
1,5,0,4,60,ok
1,6,0,4,60,ok
1,7,1,4,60,ok
1,8,1,4,60,ok
1,9,1,2,60,ok
1,10,1,1,120,rejected
1,11,1,4,60,ok
1,12,1,1,120,rejected
1,13,2,4,60,ok
1,14,2,4,60,ok
1,15,2,1,120,rejected
1,16,2,4,60,ok
1,17,2,3,60,ok
1,18,2,2,120,rejected
1,19,3,1,120,rejected
1,20,3,3,120,rejected
1,21,3,1,120,rejected
1,22,3,1,120,rejected
1,23,3,1,120,rejected
1,24,3,1,120,rejected
1,25,4,4,120,rejected
1,26,4,2,120,rejected
1,27,4,4,120,rejected
1,28,4,1,120,rejected
1,29,4,2,120,rejected
1,30,4,4,120,rejected
2,1,0,1,60,ok
2,2,0,1,60,ok
2,3,0,1,60,ok
2,4,0,3,60,ok
2,5,0,2,60,ok
2,6,0,3,60,ok
2,7,1,3,60,ok
2,8,1,2,60,ok
2,9,1,1,120,rejected
2,10,1,2,60,ok
2,11,1,4,60,ok
2,12,1,4,60,ok
2,13,2,3,60,ok
2,14,2,4,60,ok
2,15,2,3,60,ok
2,16,2,1,120,rejected
2,17,2,1,120,rejected
2,18,2,3,60,ok
2,19,3,4,60,ok
2,20,3,3,120,rejected
2,21,3,4,60,ok
2,22,3,4,60,ok
2,23,3,2,120,rejected
2,24,3,2,120,rejected
2,25,4,2,120,rejected
2,26,4,2,120,rejected
2,27,4,1,120,rejected
2,28,4,2,120,rejected
2,29,4,3,120,rejected
2,30,4,2,120,rejected
3,1,0,2,60,ok
3,2,0,2,60,ok
3,3,0,3,60,ok
3,4,0,4,60,ok
3,5,0,1,60,ok
3,6,0,1,60,ok
3,7,1,4,60,ok
3,8,1,3,60,ok
3,9,1,2,60,ok
3,10,1,2,60,ok
3,11,1,4,60,ok
3,12,1,4,60,ok
3,13,2,4,60,ok
3,14,2,2,120,rejected
3,15,2,2,120,rejected
3,16,2,2,120,rejected
3,17,2,4,60,ok
3,18,2,1,120,rejected
3,19,3,1,120,rejected
3,20,3,2,120,rejected
3,21,3,1,120,rejected
3,22,3,3,120,rejected
3,23,3,1,120,rejected
3,24,3,3,120,rejected
3,25,4,4,120,rejected
3,26,4,4,120,rejected
3,27,4,4,120,rejected
3,28,4,4,120,rejected
3,29,4,4,120,rejected
3,30,4,2,120,rejected
4,1,0,2,60,ok
4,2,0,3,60,ok
4,3,0,1,60,ok
4,4,0,4,60,ok
4,5,0,4,60,ok
4,6,0,2,60,ok
4,7,1,1,120,rejected
4,8,1,1,120,rejected
4,9,1,1,120,rejected
4,10,1,4,60,ok
4,11,1,3,60,ok
4,12,1,1,120,rejected
4,13,2,2,120,rejected
4,14,2,3,60,ok
4,15,2,3,60,ok
4,16,2,2,120,rejected
4,17,2,1,120,rejected
4,18,2,3,60,ok
4,19,3,2,120,rejected
4,20,3,1,120,rejected
4,21,3,3,120,rejected
4,22,3,3,120,rejected
4,23,3,2,120,rejected
4,24,3,2,120,rejected
4,25,4,3,120,rejected
4,26,4,3,120,rejected
4,27,4,3,120,rejected
4,28,4,1,120,rejected
4,29,4,3,120,rejected
4,30,4,4,120,rejected
5,1,0,3,60,ok
5,2,0,3,60,ok
5,3,0,1,60,ok
5,4,0,4,60,ok
5,5,0,2,60,ok
5,6,0,1,60,ok
5,7,1,2,60,ok
5,8,1,1,120,rejected
5,9,1,3,60,ok
5,10,1,4,60,ok
5,11,1,2,60,ok
5,12,1,4,60,ok
5,13,2,1,120,rejected
5,14,2,2,120,rejected
5,15,2,1,120,rejected
5,16,2,2,120,rejected
5,17,2,4,60,ok
5,18,2,3,60,ok
5,19,3,2,120,rejected
5,20,3,4,60,ok
5,21,3,2,120,rejected
5,22,3,1,120,rejected
5,23,3,2,120,rejected
5,24,3,4,60,ok
5,25,4,2,120,rejected
5,26,4,2,120,rejected
5,27,4,1,120,rejected
5,28,4,1,120,rejected
5,29,4,2,120,rejected
5,30,4,2,120,rejected
